Date,Country,Province/State,N,low95N,high95N,R,low95R,high95R,D,low95D,high95D,T,low95T,high95T,M,low95M,high95M,C,low95C,high95C
2020-04-03,Switzerland,,4320984.521314736,3466301.240107395,4851243.730871084,,,,,,,,,,,,,214421.23588373594,171687.07182336878,240934.19636155327
2020-04-03,Italy,,9695581.015617166,6052887.546160513,14122654.725195868,8299689.318718956,1645166.524699427,21140266.837353487,322266.8854527279,296020.10545371514,341117.405835155,,,,0.033238532578257686,0.02096065585499256,0.056356144605979624,475638.5279280931,293503.85445526044,696992.2134070282
2020-04-03,Germany,,1041740.4179040431,85821.74296429261,7116830.844240009,299.6941811588528,16.0,82405.16563388136,,,,,,,,,,51356.182232146915,3560.248485159364,355110.70354894525
2020-04-03,US,,6340.636498037911,224.59823862288985,114044.35827675795,75.20136483208546,6.999999999999999,7479.558842619718,2155632.4962452785,2140517.135686892,2157692.1351464367,,,,339.9709945385344,18.76916287689021,9606.89695687817,275.3525383036414,-30.449374667109733,5660.538627239644
2020-04-03,France,,1995928.183108723,291855.48604043433,8593715.232308155,332.95478230979626,12.000000000000002,15842.453832176823,146.42550567682704,5.1437438048314865,2365.0206022282146,,,,7.336211138056309e-05,5.985471551923821e-07,0.008103396082472677,98716.73906663289,13513.104213218465,428606.09152660455
2020-04-03,Spain,,17350159.811974302,12509632.860033413,21434205.15247495,21.190843616214348,2.0,61431.26464292455,,,,,,,,,,863400.8394137477,621374.4918167032,1067603.1064387802
2020-04-03,Netherlands,,10073641.496922636,8253858.706626924,10779920.741944604,,,,,,,,,,,,,501296.7443616081,410307.60484682256,536610.7066127065
2020-04-03,Poland,,,,,,,,,,,,,,,,,,,
2020-04-03,Portugal,,6772371.364103167,5932454.22193674,6786777.565242393,,,,,,,,,,,,,334970.8755671368,292975.0184588153,335691.185624098
2020-04-03,United Kingdom,,2756.3950433716304,51.0,81425.46524286746,90.21257773124486,8.0,100278.11427604935,,,,,,,,,,120.510544256871,-14.759207911710513,4053.9640542316624
2020-04-03,Croatia,,15043.06060450599,1025.7032097689444,131936.00662695835,,,,,,,,,,,,,732.9176121242517,32.04974238739938,6577.56491324687
2020-04-03,Czechia,,6667368.72997766,4087227.776614378,6954324.738448173,,,,,,,,,,,,,332075.0194293399,203067.97176117578,346422.81985286553
2020-04-03,Austria,,837495.8707027306,185417.93629615728,2305220.151759924,,,,,,,,,,,,,41637.79184998142,9033.895129652745,115024.00590284106
2020-04-03,Belgium,,7518450.574174427,7479194.600997373,7521324.65551226,14.083365394826279,1.0,22755.548821748656,,,,,,,,,,358394.60950335604,356431.81084450346,358538.31357024773
2020-04-03,Luxembourg,,18226.46078682769,54.85174203503499,253199.0470531311,,,,,,,,,,,,,903.6062253136673,-4.974226925965677,12652.235538628835
2020-04-04,Switzerland,,4761014.219648143,4404664.323760248,5009127.760742919,5599565.360870063,5599420.324401346,5599573.665800634,,,,,,,,,,235474.68069657238,217657.18590217765,247880.3577513112
2020-04-04,Italy,,7220804.4234458115,4391793.798656624,10913163.910674138,18023110.3587538,8912441.72864957,26656066.59704217,343842.62487313314,331482.9253231077,353470.0675213465,,,,0.047618326810885896,0.03037459420900708,0.08048421299503339,352632.16713836923,211181.63589890985,537250.1414997856
2020-04-04,Germany,,1188548.517904657,200606.23499161375,5122817.321226783,253.41556850710592,16.0,72878.29986966233,,,,,,,,,,58532.67413938088,9135.559993728715,255246.1143054872
2020-04-04,US,,11739.562037116655,685.4960566657652,141922.81756476723,68.65102274939565,6.999999999999999,7079.453749213115,2102774.3545488925,1970704.4983482112,2135949.891823616,,,,179.11863729674138,13.88574812819559,3115.9185688285643,523.6728792336203,-29.030419788924466,7032.83565561615
2020-04-04,France,,1943228.4993409724,486028.6636565968,6041754.312444777,271.29736886092,12.000000000000002,14293.252725144937,175.9864266058246,10.44836684773284,1946.2366339140146,,,,9.056393865441387e-05,1.7293597699283038e-06,0.004004365955027556,95942.83763808553,23082.845853866747,300869.12829327583
2020-04-04,Spain,,10560070.15397954,6631735.149496755,14907178.258566758,18.867492218963665,2.0,54693.19218019109,307955.99627805536,307955.9979320712,307955.9900736806,,,,0.02916230591157605,0.02065823542125399,0.04643671424318711,524968.9879661009,328552.2377419616,742324.3931954618
2020-04-04,Netherlands,,9188349.115910433,7645673.207589269,10086291.42081777,,,,,,,,,,,,,457261.42557560024,380127.6301595421,502158.5408209672
2020-04-04,Poland,,,,,,,,,,,,,,,,,,,
2020-04-04,Portugal,,6789797.240373518,6786758.403146237,6790472.2163755875,,,,,,,,,,,,,321590.26169981505,321438.3198384509,321624.0104999184
2020-04-04,United Kingdom,,69559.86951570725,1860.2158155352122,1235468.401147694,79.87061018390251,8.0,90434.69847763168,,,,,,,,,,3364.9093697131293,-20.0733152954726,61660.33595131248
2020-04-04,Croatia,,8432.082850886422,669.6149220956341,69438.11756107716,,,,,,,,,,,,,406.2843746806495,18.160978241110204,3456.586110190187
2020-04-04,Czechia,,6020876.871771984,3885350.936395074,6694703.673423912,,,,,,,,,,,,,300120.55495430325,193344.25818545785,333811.8950368998
2020-04-04,Austria,,531375.5493114097,158489.45417859862,1364930.0893131008,,,,,,,,,,,,,26359.191450413593,7714.886693773034,68036.91845049814
2020-04-04,Belgium,,7498892.162990645,7449704.716621766,7511478.312527018,12.206160728038045,1.0,19789.765128540734,,,,,,,,,,363854.80950951023,361395.43719106616,364484.11698632885
2020-04-04,Luxembourg,,2657.169869299457,4.649273549830965,118559.08291599846,,,,,,,,,,,,,129.93464094064512,-2.691388846836176,5925.030293275595
2020-04-05,Switzerland,,3418134.205173477,2639203.847276704,4051478.423861103,3463906.2498101187,176226.16710554715,5312493.701761043,,,,,,,,,,169311.55489053339,130365.03699569473,200978.76582491468
2020-04-05,Italy,,6282135.942467462,4014150.5374380425,9228336.564870482,25112685.263412043,19096383.108694028,29751106.082163647,355382.59756316594,349042.34970799385,360680.17657963204,,,,0.05657034499377304,0.037822889017365684,0.08985217998571361,305517.6935755005,192118.42332402946,452827.7246956514
2020-04-05,Germany,,17490201.585672434,6124050.135451553,32031468.54267604,218.19691803938485,16.0,65549.09653992025,,,,,,,,,,869146.0757503434,300838.50323929964,1596209.4236005237
2020-04-05,US,,43632.358789583064,2868.979405244255,464236.9748200429,62.788496148454215,6.999999999999999,6875.776594494264,941956.2510023786,205082.67240229185,1682392.6149748524,,,,21.588478760567604,0.4417629002553926,586.4080487645116,2037.8554656886997,-0.31350352824081257,23068.086267211693
2020-04-05,France,,2101575.0399286067,777239.3470230481,4939694.4349564435,225.7007971367646,12.000000000000002,13304.737947229887,418.9689068487796,32.05435996571484,3719.6874196923873,,,,0.0001993594798608821,6.4891382225745876e-06,0.004785768288673739,103624.14571279252,37407.36106751458,245530.1154641844
2020-04-05,Spain,,3417578.729382927,1324711.2908543395,7281438.108640695,16.98437372034164,2.0,49174.65171997379,307880.0499140391,307822.26311925147,307896.3305443806,,,,0.09008718578068556,0.04227492681067586,0.2324252330829086,169240.82330456175,64597.45137813237,362433.7922674501
2020-04-05,Netherlands,,11309712.68588882,11295458.330830105,11317620.367546493,,,,,,,,,,,,,537322.6220562884,536609.9043033526,537718.006139172
2020-04-05,Poland,,24556991.83485931,5684498.621033189,25018704.640264217,,,,,,,,,,,,,1226009.494273578,282384.83358227194,1249095.134543823
2020-04-05,Portugal,,6731057.194275592,6645890.292907922,6760908.61642535,,,,,,,,,,,,,332657.2952847964,328398.95021641284,334149.8663922843
2020-04-05,United Kingdom,,520885.71422838775,46875.650100812236,3591435.889533616,71.56091824063517,8.0,82312.01022092537,,,,,,,,,,25663.711980727065,1963.208774348289,179191.22074598848
2020-04-05,Croatia,,3977.544815815567,238.21562344913195,41410.310727156255,,,,,,,,,,,,,188.00968318909142,1.043223570769611,2059.6479787561257
2020-04-05,Czechia,,4870571.925465555,3074699.768196841,5959285.604490176,,,,,,,,,,,,,242832.52056803825,153038.9127046025,297268.2045192693
2020-04-05,Austria,,630802.013059777,281273.25440589944,1230073.525446147,,,,,,,,,,,,,31270.280474248182,13793.842541554306,61233.85609356668
2020-04-05,Belgium,,7523048.868866234,7522773.2911957,7523185.145601568,10.738376919140926,1.0,17430.66268297922,,,,,,,,,,306266.65214269696,306252.87325917033,306273.4659794636
2020-04-05,Luxembourg,,738.6160415991358,1.0,56225.13722610805,,,,,,,,,,,,,35.37974625238749,-1.501055827569291,2809.705805477833
2020-04-06,Switzerland,,5384385.71172218,5249977.640820727,5465363.09804281,132585.50718958446,728.7457147860063,2564434.212045328,56559.35063320962,56553.530352807764,56557.39664135679,,,,0.010504327450033156,0.01034762546207772,0.010772883336035542,261822.6915755249,255102.28803045227,265871.56089155644
2020-04-06,Italy,,5235723.683769147,3360710.91921844,7717429.912406061,15416186.539179305,9978460.374580212,21062836.22227211,353880.2968721411,348629.2251919046,358406.6318829603,,,,0.06758956702951636,0.045174265156781,0.10664607593393086,253288.85688707823,159538.21865954288,377374.16831892397
2020-04-06,Germany,,26677463.633447897,16424368.15029558,35958993.0317211,196.33892837621258,17.0,55906.807562456575,,,,,,,,,,1324593.5201827171,811938.7460251013,1788669.9900963772
2020-04-06,US,,98670.76891900082,11473.52989732706,662888.8352581878,57.636006873385035,6.999999999999999,6796.234758976543,216748.89247864558,26176.181258482084,842795.156673857,,,,2.196687984225353,0.0394880406279384,73.45561167450302,4686.394004081495,326.5320529978066,32897.297321040845
2020-04-06,France,,14109551.209265707,7080797.120701288,22466465.68341142,191.38419436325526,12.000000000000002,12628.56797741256,2684.704861741785,239.8332981217321,19273.755721260983,,,,0.00019027570912239544,1.0675168115063954e-05,0.0027219754206645173,699836.8600246602,348399.1555964393,1117682.5837319458
2020-04-06,Spain,,5684923.0335129285,3182251.756533572,9112786.111041373,15.434566172860016,2.0,44592.55078486109,307316.1317824498,306946.77637070284,307493.3086946853,,,,0.054058098934814884,0.03368308798544007,0.09662758707363804,281625.3886316311,156491.8247826633,453018.5425080534
2020-04-06,Netherlands,,11245390.164518315,11214350.421755873,11266157.546665045,,,,,,,,,,,,,541985.6622046025,540433.6750664803,543024.0313119389
2020-04-06,Poland,,25066799.999221466,25066799.99964077,25066799.99751021,,,,,,,,,,,,,15511.36475810893,15511.364779074118,15511.364672546091
2020-04-06,Portugal,,6536092.189273224,6328798.94326674,6640065.9767714385,,,,,,,,,,,,,324422.3036254872,314057.64132516296,329620.99300039787
2020-04-06,United Kingdom,,1779700.4898627382,378769.851279268,6222814.699946164,64.76897321380899,8.0,75504.52067507838,438503.9924554858,438503.9953537058,438503.9819800697,,,,0.24639201649559925,0.07046714654021426,1.1577056106737478,88125.25999639486,18078.728067221364,310280.97050056624
2020-04-06,Croatia,,2458.7613500547395,141.90304376596356,26886.73776218377,,,,,,,,,,,,,114.06920959584772,-1.77370571859108,1335.4680302022996
2020-04-06,Czechia,,4152844.993003216,2909521.7949045817,5150427.461943104,,,,,,,,,,,,,206962.37256857392,144796.21266364216,256841.49601556823
2020-04-06,Austria,,668554.6023381233,379030.7348186397,1093552.668472548,,,,,,,,,,,,,33104.05937577725,18627.865999803074,54353.962682498495
2020-04-06,Belgium,,7523918.235916927,7523917.434650945,7523917.121354452,9.570566670137877,1.0,15535.854445804905,,,,,,,,,,174805.37363831012,174805.333575011,174805.3179101864
2020-04-06,Luxembourg,,2073.201810670963,22.10524435565217,50561.664698321234,,,,,,,,,,,,,100.5817627723972,-1.9730655433683275,2525.004907154911
2020-04-07,Switzerland,,4758354.736257775,4348027.421209565,5028331.03102182,13645.465701547671,34.99074818134819,780386.484503116,51533.542164557286,15438.520106095651,55448.33573054981,,,,0.010830117765680923,0.0030703070284850264,0.012752526688326358,233424.50778348398,212908.14203107354,246923.3225216863
2020-04-07,Italy,,5496029.102309923,3872870.119720714,7517598.9433640065,4874793.8023165325,1853842.2071892838,10356457.056015762,313030.48937895714,292929.691615798,328755.83481082827,,,,0.0569557554284772,0.03896585782543975,0.08488687320981887,265083.7072511397,183925.75812167933,366162.199303844
2020-04-07,Germany,,12088556.531884493,5973575.207876298,20516688.77924452,182.17048071953968,18.0,46220.2312244403,,,,,,,,,,598729.0148614163,292979.94866100646,1020135.6272294172
2020-04-07,US,,622421.1071270291,92033.09191018374,3304541.2661823104,53.133460917799226,6.999999999999999,6793.106007630565,86284.88986202642,11422.576021791603,398141.79969339794,,,,0.13862783391183525,0.0034566298622707003,4.326072192401725,30364.576644482597,3845.1758836403296,164470.5845972467
2020-04-07,France,,27212500.122103795,21178367.212672032,32062474.85666963,165.09953917507548,12.000000000000002,12143.913434579232,8260.760584460117,1426.3395162769216,35030.12869087023,,,,0.0003035649259492397,4.448625761589377e-05,0.0016540523799167116,1347799.4964578748,1046092.8509862864,1590298.2331861663
2020-04-07,Spain,,4436092.066631062,2672153.1907080538,6856092.122217664,30487644.0,30487644.0,30487644.0,307872.0901351107,307861.04944731045,307878.84583809145,,,,0.06940164575279444,0.04490328367229262,0.11521751331798133,219227.88009130183,131030.93629515145,340227.88287063193
2020-04-07,Netherlands,,10919676.045829045,10759037.515853513,11026260.523144,,,,113377.35408550125,113336.60879543505,113374.9140697182,,,,0.010382849601917231,0.010278789310078671,0.010537644645504723,534294.9775741897,526263.0510754131,539624.2014399375
2020-04-07,Poland,,20255275.13517931,3012763.433771695,24421763.075641114,,,,,,,,,,,,,1011545.87954938,149420.29447899896,1219870.27657247
2020-04-07,Portugal,,6066114.720866498,5676179.537896394,6309316.742018742,,,,,,,,,,,,,301612.0683754537,282115.30922694854,313772.16943306586
2020-04-07,United Kingdom,,1642869.8271494987,534291.6628138446,4311510.138407846,90.56574079703718,18.0,57276.8614856107,428204.4877315285,353419.5249473715,435540.6362010057,,,,0.2606441975226333,0.08197116870931961,0.8151739331046883,81197.48609347662,25768.577876693922,214629.501656394
2020-04-07,Croatia,,1736.6779097489969,105.38304366289223,18606.33980589905,,,,,,,,,,,,,79.0915601960979,-2.473183108207333,922.5746550036006
2020-04-07,Czechia,,572038.0202884693,119656.30143765404,1836662.002903744,,,,,,,,,,,,,28420.002354297223,5800.9164117564615,91651.20148506096
2020-04-07,Austria,,1081532.2940717393,758302.9949314898,1476432.8737323692,,,,,,,,,,,,,53567.75509303381,37406.29013602134,73312.7840760653
2020-04-07,Belgium,,7517896.287608177,7516377.727206664,7518829.698274507,8.624237405007179,1.0,13988.202965569431,,,,,,,,,,321607.43996091245,321531.51194083673,321654.1104942289
2020-04-07,Luxembourg,,1530.8763009269103,36.86059454967414,25873.092911790533,,,,,,,,,,,,,73.68251533026915,-1.0182699885926667,1290.7933458734506
2020-04-08,Switzerland,,3531363.412252252,2742905.0611260124,4149012.1818805323,3188.5649433937206,5.165061998027575,301117.87189224624,54858.77730249286,49432.208109555344,55863.69763355725,,,,0.015534730045669453,0.01191421136950007,0.02036661728664578,173707.92540028502,134285.00784397306,204590.36388169907
2020-04-08,Italy,,6139674.105031759,4706773.471836047,7821373.880301395,1379078.382295192,299435.9408650397,4772526.628332458,363303.7570036783,356183.9866910865,368770.56964115525,,,,0.059173133750850614,0.045539823583700234,0.07834890968256071,295427.9008165577,223782.8691567721,379512.88958003954
2020-04-08,Germany,,8296056.783046104,4384614.187862857,14008344.159254216,168.5269044128734,18.0,39508.307288732234,,,,,,,,,,409680.9071633482,214108.77740418585,695295.2759737537
2020-04-08,US,,1516711.1639327798,385706.5704000107,5144539.051702716,49.20340020862256,6.999999999999999,6836.827397576668,53353.87037448973,9345.493246644684,220393.43632572712,,,,0.03517734400803445,0.0018165851503355887,0.5714018200342303,74449.51069626356,17899.281019625116,255840.9050847604
2020-04-08,France,,14839946.222854968,9239742.899962801,21041420.384167016,144.5496305238528,12.000000000000002,11774.87068905817,142081.7663046696,49910.415311335804,257163.64451284055,,,,0.009574277707681298,0.0023720078968096545,0.02783233768483709,733866.436686936,453856.2705423276,1043940.1447525384
2020-04-08,Spain,,4664065.172431898,3222473.8511791658,6478248.397314083,30008713.288060173,19549775.620922,30392011.93265045,307806.69134154136,307795.2383051701,307815.2427982811,,,,0.06599536669446822,0.0475121081236687,0.09552140902109896,230150.0184934965,158070.45243085973,320859.17973760556
2020-04-08,Netherlands,,10087445.5352498,9592062.997610636,10424535.483832717,,,,113387.97650881266,113387.98426003732,113387.9524179251,,,,0.011240504458000504,0.010877029910434795,0.011821018319643002,496579.5204583473,471810.39357638906,513434.01788749313
2020-04-08,Poland,,24369189.45246867,22496098.079099707,24816625.80733637,,,,,,,,,,,,,1213600.87224551,1119946.303577062,1235972.689988895
2020-04-08,Portugal,,5432698.142980774,4936040.1962674735,5796702.335737517,,,,,,,,,,,,,270200.3955914676,245367.4982558025,288400.6052293048
2020-04-08,United Kingdom,,1749597.768125683,778153.1737212731,3603174.350715594,116.47834550069342,18.0,40181.161575481165,365143.5924975918,193696.79000338595,415758.90617118205,,,,0.20870145078475064,0.05375726266615924,0.5342892893219796,86357.59937112688,37785.36965090638,179036.42850062242
2020-04-08,Croatia,,1166.9214708230134,60.653743534229754,14192.383249042176,,,,,,,,,,,,,51.848561889049044,-3.4648244753901283,703.1216508000073
2020-04-08,Czechia,,972525.1870829059,377142.3238508452,2025634.4690730718,,,,,,,,,,,,,48332.09687966852,18562.953718065462,100987.5609791768
2020-04-08,Austria,,1111391.4797474232,853090.3147693815,1411007.3925004262,,,,,,,,,,,,,54969.747874752204,42054.689625850115,69950.54351240236
2020-04-08,Belgium,,7012399.034751503,6396603.005076403,7256729.057132205,7.842379676160871,1.0,12691.083753806211,,,,,,,,,,343270.5611531951,312480.75966944004,355487.0622722302
2020-04-08,Luxembourg,,3219.9906280915166,225.787152766972,26592.811656595426,,,,,,,,,,,,,156.1885431225651,6.478369356337843,1324.8295945477605
2020-04-09,Switzerland,,1621970.9435839956,789657.2860403253,2651314.554147089,1164.666611833134,3.0,148997.4360863304,33627.37043861081,9794.944622422421,48265.409445974336,,,,0.020732412360178254,0.0036943728940428905,0.06112197063107903,79573.67771930287,37957.99484211936,131040.85824745755
2020-04-09,Italy,,6887780.228318756,5626517.886893415,8303032.282497717,702169.6196962873,141568.8034007351,2691444.856845954,363539.28876430134,358485.65431637946,367670.95047094906,,,,0.05278032642064102,0.043175269241340325,0.06534609111034964,330607.64776256337,267544.53069129627,401370.2504715115
2020-04-09,Germany,,3628756.8783373274,1504288.759607402,7669863.418731309,155.92139502249657,18.0,34694.721971957966,,,,,,,,,,177926.95911197664,71703.55317548043,379982.28613167576
2020-04-09,US,,982627.3232872131,296244.0572612843,2927723.0825468474,45.77456879267921,6.999999999999999,6911.859310069602,23135.866836385307,3433.9553456605554,113860.26753668295,,,,0.02354490485669397,0.0011729098855460516,0.3843461657570377,47906.70208371644,13587.53878241999,145161.49004669813
2020-04-09,France,,4447694.82811698,1578057.6847705157,10057849.935333423,128.19884079813428,12.000000000000002,11481.36567311814,50832.32298561691,15388.343978360695,123404.16011654974,,,,0.011428914291571977,0.0015299834534517305,0.07820003115696966,218293.58474743867,74811.72758011539,498801.3401082608
2020-04-09,Spain,,13432684.25718315,10170631.299010422,16627796.82033741,3828571.2028973005,44657.51065127748,22624294.231474437,307662.3746826182,307643.5455486646,307677.5215529668,,,,0.02290401298743364,0.018501762372534324,0.03025156575904025,663841.0868819428,500738.4389733065,823596.7150396558
2020-04-09,Netherlands,,6537542.885361115,4556379.526382374,8127336.906035982,,,,111794.55759987363,107091.20759605072,112660.84989333725,,,,0.017100393765707347,0.013176666457190496,0.02472595823965229,323257.7705593344,224199.60261039736,402747.4715930779
2020-04-09,Poland,,19311081.092634387,13246279.671935873,22425921.95993119,,,,,,,,,,,,,963695.527885531,660455.4568506052,1119437.5712503712
2020-04-09,Portugal,,829397.3506959131,172147.1003907543,2443194.758435546,,,,,,,,,,,,,41185.23527026186,8322.722755003915,121875.10565724349
2020-04-09,United Kingdom,,1015163.308656114,445140.9466031997,2145577.966075737,137.7346881990482,18.0,28051.71253375685,238999.65639522547,92468.80560548326,349497.5052849869,,,,0.23542976224349185,0.04309738777500999,0.7851389721658887,49821.453009090976,21320.334906445263,106342.18588007212
2020-04-09,Croatia,,803.5151765755772,33.41125497067067,11630.11724843896,,,,,,,,,,,,,34.69908161753399,-3.80611446271134,576.0291852107033
2020-04-09,Czechia,,190068.0928930333,38441.392429845764,712322.0094091501,,,,,,,,,,,,,9372.864098557431,1791.5290753980576,35485.559924363275
2020-04-09,Austria,,847669.4554861148,614724.2199533468,1133548.9296039147,,,,,,,,,,,,,41805.88646769816,30158.624691059755,56099.86017358815
2020-04-09,Belgium,,4393884.709161304,2255750.5288769417,5906974.105294373,7.191650599664475,1.0,11610.647036383298,,,,,,,,,,217076.90713429,110170.19812007187,292731.37694094353
2020-04-09,Luxembourg,,1952.757232612881,183.1644659298796,13875.387300892307,,,,,,,,,,,,,93.63977463009407,5.160136295944001,689.7712780440654
2020-04-10,Switzerland,,1275471.8994274745,674352.8493785876,2065558.742332824,556.0532878023735,3.0,87251.7625438524,31745.007452137514,14256.060619922942,44343.285634813474,,,,0.0248888332752662,0.0069017938477132215,0.06575680027996557,62328.321405738694,32272.368903294337,101832.66355100618
2020-04-10,Italy,,5307877.0526928,3786219.932953948,7190126.7690957775,311988.7413530066,43658.98126180421,1621161.1012191756,371305.2122220833,368757.74832384544,373504.42035252776,,,,0.06995361959895287,0.051286682441931415,0.09864836881282953,252631.322101108,176548.46611416538,346743.8079212569
2020-04-10,Germany,,2539783.9078968223,1109747.2888847722,5251009.388161757,144.47481181708685,18.0,31102.92342563852,546356.4989907062,545544.1818782401,546382.3351331598,,,,0.21511928526357987,0.10389320253514554,0.4923484297783151,123796.17109222867,52294.34014162617,259357.44510547546
2020-04-10,US,,4786229.02923672,1635445.1336605512,12394063.875349553,44.83601617987132,7.999999999999999,5956.040002239639,19259.705893512342,3846.4477468651257,77306.9035529858,,,,0.004023983343852597,0.00031034596767855085,0.04726964051673983,235992.9112693957,78453.71649058726,616384.6535750373
2020-04-10,France,,5791715.778250392,2850768.6369774877,10349374.841778308,114.97556881564691,12.000000000000002,11238.439281572793,202829.25980767445,115532.32937276164,283504.6820591668,,,,0.03502058242729356,0.01116321817878132,0.09944850605616004,284136.18937429524,137088.83231065006,512019.14255069115
2020-04-10,Spain,,25651145.18431215,23858351.34461554,26937715.56169886,213070.5473841056,1282.0142740338015,6382378.064287542,301639.2333879224,298663.1216655884,303329.1734509568,,,,0.011759289155339558,0.01108717333440998,0.01271375247474564,1257876.9755069865,1168237.2835221558,1322205.4943763223
2020-04-10,Netherlands,,3082095.0106409523,1473665.0737300916,5144045.782317023,,,,97591.86467453779,67535.23044973955,107111.6726438254,,,,0.031664132461069916,0.01312881597630723,0.07268386457223143,152017.88065821832,71596.3838126753,255115.41924202183
2020-04-10,Poland,,8165466.437497494,3570387.891853084,13857424.156358253,,,,,,,,,,,,,407440.2351941421,177686.3079119216,692038.12113718
2020-04-10,Portugal,,440379.69910170295,112283.65696936383,1297612.2526173743,,,,,,,,,,,,,21793.430241926966,5388.628135310009,64655.05791771055
2020-04-10,United Kingdom,,651255.9992963229,279444.51397846604,1413284.117723999,157.79854377401924,19.0,20191.5036870226,246254.8371995439,144340.9764105849,326030.07649175427,,,,0.3781229462233289,0.10213160581117724,1.1667077368957697,31744.72330405269,13154.149038159836,69846.12922543648
2020-04-10,Croatia,,690.2418585997176,33.81349003080536,8945.202304361572,,,,,,,,,,,,,29.265606202466802,-3.555812225978804,442.0136284905595
2020-04-10,Czechia,,131816.7930090572,34386.16231296623,421569.5637489965,,,,,,,,,,,,,6470.684967415003,1599.153432610453,20958.32350441197
2020-04-10,Austria,,1095881.1997416648,886408.1357227509,1332053.4481281198,5764294.1478999425,5764294.145651758,5764293.824198648,,,,,,,,,,54012.63354814097,43538.98034719526,65821.2459674637
2020-04-10,Belgium,,1599070.1138285366,438795.13844531577,3560948.42181822,6.641141428539753,1.0,10687.885265940306,,,,,,,,,,78720.65700703593,20706.908237874875,176814.5724065201
2020-04-10,Luxembourg,,6548.627669944215,1116.2491190339908,28453.2919226824,,,,,,,,,,,,,318.67903965180597,47.06011210629472,1413.9122522887149
2020-04-11,Switzerland,,1398052.9085764186,890815.5948935072,2004684.0636284647,482.2312110494471,4.0,47447.57206961537,29834.580216818864,17118.5835860305,40206.01909429859,,,,0.021340093807464138,0.008539292498313165,0.04513394166511536,68164.25769473368,42802.3920105881,98495.81544733598
2020-04-11,Italy,,5156252.412328873,3797208.1837697313,6808126.091338798,376790.03871098586,80952.94251278357,1422958.807750247,373601.9698758722,371894.93254070455,375120.97700003296,,,,0.07245610571402013,0.05462515346386195,0.0987886254441879,244114.94452030587,176162.7330923488,326708.6284708022
2020-04-11,Germany,,2798385.98784453,1493316.4403158026,4924250.592501364,154.76534540561204,25.0,22877.168921673514,536212.719830369,480730.65065047296,543109.6755623174,,,,0.19161499598680787,0.09762513942375887,0.36369362909274733,136150.6123065041,70897.13493006771,242443.84253934573
2020-04-11,US,,10017964.535104752,4812317.674494051,19313665.546940587,43.60033223184516,7.999999999999999,5312.346717610757,22346.64096149209,6412.5275162574035,67620.43924676138,,,,0.0022306568248655133,0.00033202022167527854,0.014051532716794454,495153.9589175257,234871.61588699065,959939.0095093177
2020-04-11,France,,6433695.57082589,3864416.375839737,9936853.9895539,104.12740110524452,12.000000000000002,11031.364038130669,338141.2411876733,290158.4670543552,370516.1353293429,,,,0.05255785535159637,0.029200234536945376,0.09587893728165613,315103.07420611056,186639.11445680296,490260.99514251103
2020-04-11,Spain,,25145649.129143603,23830217.706695795,26189153.146905653,30487643.99981579,30487643.999977715,30487643.996506114,300767.25094199885,298767.39568558213,302138.79986699374,,,,0.011961005635500259,0.011408058672599064,0.012678809886915093,1229691.8448393848,1163920.2737169943,1281867.0457274877
2020-04-11,Netherlands,,2347630.816755849,1227439.2603263108,3872088.714571899,,,,66767.63583607222,31009.193837167906,90976.83438541382,,,,0.028440432524368238,0.008008389301740549,0.07411921495914019,115419.93477448936,59410.35695301246,191642.82966529182
2020-04-11,Poland,,4245035.55953646,1963305.6004614446,7793651.498985156,,,,,,,,,,,,,211612.98563714247,97526.48768339172,389043.7826095773
2020-04-11,Portugal,,587309.4014366396,235618.8709988153,1251937.6033177462,,,,,,,,,,,,,29057.81597959022,11473.28945769901,62289.226073645565
2020-04-11,United Kingdom,,481431.2498851214,211172.4913090529,1029968.6068088777,168.4244084905315,19.0,14905.147207776929,196822.79606746085,123956.84994647755,266714.1763331194,,,,0.40882845912978544,0.1203501243892564,1.2630157208439654,23305.28853224828,9792.35060344485,50732.156378436084
2020-04-11,Croatia,,845.9076660490283,66.36466939222606,7694.041280992536,,,,,,,,,,,,,36.0544005202394,-2.92274931260071,378.46108126741484
2020-04-11,Czechia,,4214211.5862666285,1930435.21870437,5745338.457324069,,,,,,,,,,,,,209247.64277777204,95058.82439965918,285803.98633064417
2020-04-11,Austria,,1418690.060554943,1237039.6462060432,1612034.6974026212,4977297.711722091,1387481.9033378984,5630472.416662299,,,,,,,,,,69865.17558022751,60782.65486278251,79532.40742261143
2020-04-11,Belgium,,735326.2976800546,179738.12738079432,2054663.3405897026,6.171155353505359,1.0,9895.398553596911,,,,,,,,,,35926.08297268884,8146.674457725828,101892.93511817127
2020-04-11,Luxembourg,,23387.81607283549,6818.984059246295,63575.57523019754,,,,,,,,,,,,,1149.1325647644614,320.69096408500195,3158.5205226325647
2020-04-12,Switzerland,,645464.3729340739,283652.4732991143,1250663.6475985313,362.45142157151764,4.0,28510.49681273085,11024.45129434203,3571.719481302305,23335.374169233375,,,,0.017079875755540798,0.002855859357678271,0.0822674799828944,31120.942084437032,13030.347102689053,61380.9058176599
2020-04-12,Italy,,3214953.0152640943,1742259.902066443,5476162.564240758,262161.6775673238,56881.13665966324,995895.7861279545,319809.5832867484,293815.88442008325,337730.6563891707,,,,0.09947566318025257,0.053653608886393485,0.1938463119013405,149722.98299844874,76088.32733856616,262783.46044728195
2020-04-12,Germany,,1763301.5994330838,827376.4033343781,3484024.6578378435,160.4802148237389,25.0,17538.96933245968,194919.1045638582,15714.40148009624,441133.2664861647,,,,0.1105421242891893,0.004510416263772503,0.5331711959736467,84975.48706739594,38179.227262460656,171011.63998763394
2020-04-12,US,,11526967.731184533,6842392.1598661365,18606461.06488131,50.115999736693105,12.0,4402.348964735338,18383.46287459991,5996.2683315312415,50447.810969782986,,,,0.0015948220992122784,0.00032226807186074057,0.007372832452615511,569215.3442734624,334986.5657075425,923190.0109583014
2020-04-12,France,,2582895.6474032667,1007297.3371616886,5725681.893279453,95.1055085572296,12.000000000000002,10848.829324711152,152658.3065909695,79827.71356289582,233238.0439590808,,,,0.05910355176154548,0.013942044816809331,0.2315483575249857,124946.29821873578,46166.382706656885,282085.6105125451
2020-04-12,Spain,,10203152.73813535,5026116.995037319,16140901.460574284,29098093.92859317,22049512.908843607,30083430.183867265,234772.11492146255,182432.45647050245,264443.244574041,,,,0.023009761879186345,0.01130249490191805,0.05261382590877742,500306.23331464315,241454.4461597415,797193.6694365898
2020-04-12,Netherlands,,807110.123318635,250056.44223488533,2055362.7018080545,,,,19907.690736813835,3869.011839485976,53006.790097925244,,,,0.024665395912714348,0.0018823985839980925,0.2119793020494726,39237.37963930194,11384.695585114458,101650.00856377289
2020-04-12,Poland,,7101175.783756305,4726562.4590031775,9871671.029889898,,,,,,,,,,,,,353961.24298063765,235230.57674298124,492486.00528731727
2020-04-12,Portugal,,165964.7000026058,40824.03646079821,544558.836327851,,,,,,,,,,,,,8130.12289887404,1873.089721783661,27059.829715136308
2020-04-12,United Kingdom,,220097.76336826157,58799.101246816426,718969.1152921391,170.7851717672045,19.0,11441.835073055712,44628.08651798125,12115.259948787625,117916.32398553015,,,,0.2027648342946164,0.01685087674992107,2.005410312150214,10466.033380580751,2401.100274508497,35409.60097677464
2020-04-12,Croatia,,828.9706708875958,84.63002720947479,6170.6301952952645,,,,,,,,,,,,,34.97446204659655,-2.2425701373095004,302.05743826698
2020-04-12,Czechia,,1372930.9440265466,415843.43593886273,3028846.0951957777,,,,,,,,,,,,,67993.70797530508,20139.33257092088,150789.46553376663
2020-04-12,Austria,,1150362.5417978556,922794.1057568046,1406635.4887426759,290128.2087699161,3748.4766477407593,3061458.7610083288,,,,,,,,,,56465.64108596349,45087.219283910934,69279.2884332045
2020-04-12,Belgium,,266724.8368839706,43882.18175104333,1084061.9555022987,5.765559889198396,1.0,9204.825021610743,75238.43788686476,75237.26863855874,75236.397847014,,,,0.28208260905074484,0.06940310768834024,1.7145090523040187,12829.030018009793,1686.897261363428,53695.8859489262
2020-04-12,Luxembourg,,397285.68592575344,397273.38032600534,397284.3333593781,,,,,,,,,,,,,11742.013366516689,11741.398086529285,11741.94573819793
2020-04-13,Switzerland,,1785874.0939013357,1026682.6471853728,2644392.0272609554,263.76650860105747,4.0,19025.70413754457,56081.5798411295,55585.194547876585,56239.658274995956,,,,0.03140287438663515,0.02102002803474316,0.05477803528595298,86693.50285885716,48733.93052305901,129619.39952683814
2020-04-13,Italy,,4314569.454397172,2704636.9289611303,6503372.783016581,347141.35838215577,104183.98338148226,1015521.7733095429,348989.9341057333,337588.7201161961,357297.1522229987,,,,0.08088638687924284,0.05190979071625755,0.1321054032787458,201374.14351409773,120877.51724229568,310814.3099450682
2020-04-13,Germany,,8192707.985292733,3707585.131062504,15232238.704480533,246.34122411357097,46.0,25541.816051299586,517952.8988270797,456484.92642244854,534636.1470587354,,,,0.06322120839127808,0.02996834117943375,0.1442006395428395,400690.9771027449,176434.83439123342,752667.5130621349
2020-04-13,US,,12426218.500648988,8435902.473032141,17850707.183248125,55.38593320928357,12.0,3532.718869296574,16384.055824615167,6079.695175805318,40511.350590778435,,,,0.0013185069797186876,0.00034058567615241413,0.0048022544974038,612800.0595557458,413284.25817490346,884024.4936857027
2020-04-13,France,,5483007.348381869,2786034.385842014,9605869.363916438,87.51345080558153,12.000000000000002,10684.102732214298,266111.09202280693,203294.32032683448,315886.6651720998,,,,0.04853378358162168,0.02116355247245927,0.11338218464831705,266761.9442224095,131913.2960954168,472905.044999138
2020-04-13,Spain,,29699598.14652729,28768989.49508289,30105597.78290445,7280054.136643439,559539.5208288619,21417591.72593976,307080.3777221092,306768.11613441864,307199.34542825364,,,,0.010339546555717135,0.01018973675083834,0.010678141666420341,1391057.868799162,1344527.436226942,1411357.85061802
2020-04-13,Netherlands,,1477077.6389648146,667340.0319506411,2786317.1846927595,,,,66498.05864647646,35999.313703567306,87987.31347685227,,,,0.045020015801661255,0.012920034338278994,0.13184779762074894,72041.24281826166,31554.362467552983,137503.22010465892
2020-04-13,Poland,,5747632.18924615,4108095.516254462,7685132.2504737275,,,,250667.99753379184,250667.9986456215,250667.99383434426,,,,0.04361239363973098,0.032617265451764965,0.06101805394799819,286247.445342475,204270.61169289058,383122.4484038539
2020-04-13,Portugal,,974421.0576410964,344200.7995374807,2116548.1489946833,,,,,,,,,,,,,48179.34523886161,16668.33233368081,105285.69980654091
2020-04-13,United Kingdom,,677853.5283490105,203353.6788816948,1956030.872585318,167.48291706539857,19.0,9175.787355995388,11002.25990337629,1512.8122828296227,52434.49509718117,,,,0.016231028449720616,0.0007734092053619348,0.25784876568515896,32770.43483074944,9045.442357383647,96679.3020425648
2020-04-13,Croatia,,1876.9516076644227,183.52327786598028,14088.171303696236,,,,,,,,,,,,,82.69598150869885,-1.9754349812232608,693.2569663102896
2020-04-13,Czechia,,1932441.0550560062,952393.0243592805,3179997.995593761,,,,,,,,,,,,,95657.53548351646,46655.133948680144,158035.3825104042
2020-04-13,Austria,,3391264.120889718,2760514.7809824618,3930414.965743912,151015.19562708464,5901.454166553167,1439923.4540675508,58222.392456892354,58217.28159705949,58220.83386366088,,,,0.01716834501277871,0.0148119936710145,0.021090571318346716,166483.2437581658,134945.776762803,193440.78600087547
2020-04-13,Belgium,,687009.3798118253,194251.4730310982,1787542.954644357,5.413838732554061,1.0,8606.31035298712,72118.20127886783,48054.081468978446,74235.24442755581,,,,0.10497411447078248,0.02688275621244532,0.3821605224876277,33362.905622144186,8725.010283107838,88389.5843637708
2020-04-13,Luxembourg,,397301.2633856292,397300.6065425821,397300.0818517132,,,,,,,,,,,,,8858.456782897212,8858.423940744853,8858.397706201411
2020-04-14,Switzerland,,2063637.210264416,1432725.8533471827,2716987.3533952264,194.76940305300548,4.0,13855.767564296464,54570.05076776278,53039.9160145184,55259.52298710271,,,,0.0264436260871506,0.019521591054974245,0.038569502224032284,99893.28336578264,68347.715519921,132560.7905223232
2020-04-14,Italy,,5314416.186112346,3729308.1622316963,7287291.50433593,687617.6569987339,252863.83856676164,1678913.2178150471,336778.23664769245,324515.3307500212,346138.50047962955,,,,0.06337069300815444,0.04453167964489069,0.09281574099590982,247933.04843562038,168677.64724158795,346576.8143467996
2020-04-14,Germany,,13105911.729868844,7971608.764142873,19414045.573041514,342.14093086491306,46.0,24462.652074449103,453389.706282131,355163.61291654955,499564.4962646634,,,,0.03459428963258157,0.018294157782844208,0.06266796465372919,641421.7038031982,384706.5555168996,956828.3959618316
2020-04-14,US,,10532429.74488663,7259742.5906710625,14952463.558739865,59.15884218146201,12.0,2851.945207498576,14533.399584595125,5869.768775110578,33513.06761300204,,,,0.0013798714956205539,0.000392561984990068,0.004616288689914035,517830.1044374112,354195.7467266328,738831.7951300731
2020-04-14,France,,6727097.951995937,4164948.75623374,10127721.369066607,81.06665215788314,12.000000000000002,10536.2207491336,212606.9802691984,157588.99502503854,263082.1562045303,,,,0.031604561400227216,0.015560162970751462,0.06316576063769605,326946.76462542143,198839.30483731144,496977.93547895475
2020-04-14,Spain,,28633963.613593247,27427943.624134075,29308834.34448064,30245893.19812445,29818697.81345449,30361304.87380153,307429.6124227997,307367.89237773576,307456.25666315085,,,,0.010736537091807136,0.010487209718581608,0.011209599264037336,1354087.0814077498,1293786.0819347908,1387830.6179521196
2020-04-14,Netherlands,,1520119.2026015937,833246.8310476999,2513949.528918275,,,,62416.69007160321,40211.115006789216,80222.10098923241,,,,0.04106039181978673,0.01599519582403534,0.0962765149533944,73940.79063256747,39597.1720548728,123632.30694840154
2020-04-14,Poland,,8270301.655836462,6889788.4540305585,9723213.828890616,,,,250617.67708291343,250588.7922364055,250626.4265035704,,,,0.030303329613865924,0.02577221859420907,0.03637650534204033,411737.29228024953,342711.6321899544,484382.90093295724
2020-04-14,Portugal,,3505345.0834144424,2279432.1111582317,4569890.595713198,6723484.225729307,6723483.83219744,6723483.840586723,,,,,,,,,,173562.08598535968,112266.43737254916,226789.3616002975
2020-04-14,United Kingdom,,2775158.871096477,1040972.8003980252,6314770.09694875,160.95717447893725,19.0,7676.302910139757,244523.9906597265,88713.78101180618,354480.510268691,,,,0.08811170892105147,0.014048616125339542,0.34052811959462564,135954.8936072275,49245.590072304905,312935.4548998412
2020-04-14,Croatia,,3923.34995186731,532.6303800126612,22439.68518890204,2657556.7794337138,2523679.210744418,2661777.0614247574,,,,,,,,,,177.90367936396888,8.367700771236452,1103.7204412157053
2020-04-14,Czechia,,2070278.9129753318,1296584.4701804337,2966204.2061245274,,,,,,,,,,,,,102335.25460912584,63650.532469380916,147131.51926658562
2020-04-14,Austria,,3752316.454257028,3349638.2662147363,4099611.9375920673,28375.81959417215,913.6889551574573,405150.25157367095,52910.175883252385,18891.812901328998,56995.659614747776,,,,0.014100669953682997,0.004608195407008504,0.017015467069868354,183512.73817557428,163378.8287734597,200877.51234232626
2020-04-14,Belgium,,1020597.2718004279,430039.76590704377,1998989.3951722397,5.105928334258646,1.0,8080.054964626735,56977.35969140834,17560.117719631107,69911.34666361168,,,,0.05582746619623527,0.008784497687701877,0.16256949288434766,49620.13890328973,20092.26360862052,98539.74507188029
2020-04-14,Luxembourg,,396948.25875433616,396889.67049684405,396981.81693020713,,,,,,,,,,,,,14446.73947465701,14443.810061782402,14448.417383450551
2020-04-15,Switzerland,,4345278.284051268,3848479.6335068075,4693753.9909863435,148.07044672077262,4.0,10774.039037781416,42459.144910149385,31796.571053299107,48369.91234490949,,,,0.009771329276191516,0.006774230416498114,0.012568576931985456,207754.40461521922,182914.47208799608,225178.189961973
2020-04-15,Italy,,5819313.489986857,4389869.435599085,7511186.448102073,974405.1563635669,451703.7860934842,1955319.7861214469,336207.5310674137,326638.408010475,343883.867689105,,,,0.05777443192327024,0.043486925836198634,0.07833578486422005,270515.91129061626,199043.7085712277,355109.55919637706
2020-04-15,Germany,,14392067.476917705,10155967.726642745,19215553.432641976,423.2964566611892,46.0,20299.319737751503,260756.89725797763,137160.97515020825,372172.94812955416,,,,0.018118098575912383,0.00713801846150365,0.03664573954417078,702813.9837500296,491008.99623628135,943988.2815362428
2020-04-15,US,,10309956.096311744,7492465.676691519,13960803.03064182,61.448384992820365,12.0,2360.22744941406,13753.4369425476,6116.372104154265,29215.23736410743,,,,0.0013339956847602595,0.0004381103358259383,0.003899282108824839,505685.86351373646,364811.34253272525,688228.2102302402
2020-04-15,France,,3338584.7202436244,1557715.2640399702,6394112.7904175585,75.52283044876668,12.000000000000002,10395.279720781182,93636.97990242312,44451.07593783279,161456.4173020967,,,,0.028046908420401032,0.00695187548215426,0.10364950580464607,160205.0621645136,71161.58935433088,312981.46567321033
2020-04-15,Spain,,24974982.82056875,22211679.69931168,26747270.422439653,18989612.611976784,7924609.314096261,25721032.374188103,307271.6034053448,307227.94109654904,307296.17322520056,,,,0.012303175766442728,0.011486328744737996,0.013834891254744838,1198307.071758852,1060141.9156959986,1286921.4518523973
2020-04-15,Netherlands,,1265994.287642327,737913.5911440084,2020463.2971711,11173464.697908444,9582755.774838846,11214892.18087118,99678.05092944454,92641.48557316653,103936.34052999956,,,,0.07873499264761763,0.045851605274332935,0.1408516414081276,61252.38036957558,34848.34554465967,98975.83084601424
2020-04-15,Poland,,2430008.3632925,1175825.5527779348,4513108.787699222,,,,211295.17782988172,114073.11239455607,238257.07598661789,,,,0.08695244881527517,0.025275950073587843,0.2026296123806172,120575.77006307518,57866.629537346926,224730.7912834113
2020-04-15,Portugal,,4901775.799705076,4232383.1493438585,5405761.52543251,4911780.774286591,666899.7688554536,6441146.197098478,,,,,,,,,,241853.9440350688,208384.31151700788,267053.2303214405
2020-04-15,United Kingdom,,1386150.7438045784,497581.05298211146,3382986.7726679407,152.95157487570756,19.0,6667.575207802464,125635.28595066894,40071.023439281154,242542.76578516574,,,,0.09063609171816107,0.011844865538058176,0.4874437326975258,67209.75219121376,22781.267650090405,167051.55363438185
2020-04-15,Croatia,,9538.934059314339,1788.866486524983,41450.94732687934,475964.3946316307,3165.271793070336,2257462.8690598058,,,,,,,,,,444.2853981644819,56.782019525014036,2039.886061542732
2020-04-15,Czechia,,2138292.4369067727,1544645.0647021644,2792315.7716094083,,,,,,,,,,,,,105518.19661136877,75835.82800113836,138219.36334650053
2020-04-15,Austria,,3667959.747378415,3351472.7819168707,3951126.807331542,7323.340495238487,157.0026014405539,152519.3848387166,14384.189620762842,386.4831220983079,45760.71607202893,,,,0.003921577828394544,9.781592465753477e-05,0.013653912488543665,178819.59573403737,162995.2474609602,192977.94873169376
2020-04-15,Belgium,,1364543.2054508198,756666.02410907,2190314.2816109583,4.834788764235778,1.0,7616.236371139124,20204.421729304562,1912.3101485215,52250.36988876016,,,,0.014806729203293631,0.0008730756880766043,0.06905341091571003,66321.8533134409,35927.994246353395,107610.40712144779
2020-04-15,Luxembourg,,382449.47708917275,371864.95345652936,387541.4474192232,,,,3973.219989478188,3973.22532349252,3973.1682036320867,,,,0.010388875465900515,0.010252388099264341,0.01068443844116261,17918.195678662505,17388.969497030343,18172.794195165032
2020-04-16,Switzerland,,2894986.465348912,2088523.1592118975,3594971.0256619374,116.16567725232865,4.0,8792.712373217562,19604.325568409207,7474.646978178457,33304.734985162715,,,,0.006771819420594921,0.00207919533281973,0.01594654808507377,138915.28952095626,98592.12421410554,173914.51753660757
2020-04-16,Italy,,5564664.930157674,4240829.186553858,7126849.400340725,1097157.7187184792,596977.6704002923,1921529.9969008488,330197.48055608646,321094.2942469624,337697.7155517045,,,,0.0593382503170286,0.045054171375027416,0.07963011493658417,256782.58605450238,190590.79887431164,334891.8095636549
2020-04-16,Germany,,14132234.527901566,10737378.136365658,17907275.77612988,768.2992109100104,67.0,30793.99030495499,325075.46589295607,240342.02716929454,392984.9022877593,,,,0.02300241092455357,0.013421473493453805,0.03659970779615061,687954.43430203,518211.6147252346,876706.4967134455
2020-04-16,US,,12927676.06726522,10266944.882686963,16123968.905493628,75.51260756455792,17.0,2610.209661985244,20940.110001438963,10637.008468457703,39449.832281412026,,,,0.0016197891943210431,0.0006597016237629652,0.0038424120059255256,633768.561679739,500732.0024508261,793583.2035911594
2020-04-16,France,,5203949.675021722,3006104.4617002043,8334410.661109407,70.72780781347926,12.000000000000002,10264.862082212676,170175.87561992483,110705.23118369328,230426.44939134488,,,,0.03270129156643209,0.013282910536227058,0.07665284168502229,250443.15572217896,140550.89505610307,406966.20502656326
2020-04-16,Spain,,21945882.68896696,18848076.67048235,24232341.00966584,3684111.1325890087,518293.696531238,12573356.59539857,302739.723984458,301526.15200575936,303497.93975578604,,,,0.013794830140810736,0.012443129282700593,0.016102329434551216,1054023.2881851443,899132.9872609144,1168346.2042200887
2020-04-16,Netherlands,,1245312.8809171875,801274.2949169844,1842472.5902719803,1050643.9603925443,4382.82833145373,8782842.448500518,89270.54034407708,80245.28620803427,95622.14100392113,,,,0.07168523004301397,0.04355304205431284,0.11933758715400697,60021.74644551907,37819.81714550891,89879.73191325873
2020-04-16,Poland,,3216741.695016657,2008870.326812328,4868207.206096274,,,,118277.30934160852,34140.271346701426,193327.9930048664,,,,0.036769290342722416,0.007012904320084988,0.09623716893247107,159560.11254554475,99166.54413532832,242133.3880995256
2020-04-16,Portugal,,4658357.00207324,4153415.8216199833,5076869.532448247,1647640.9878841713,178843.13973457832,4624683.363281612,,,,,,,,,,229426.1028688197,204179.04384615688,250351.7293875701
2020-04-16,United Kingdom,,1699407.417113711,790814.3406526961,3364027.4910237617,151.9231487535922,21.0,5596.074441856211,438225.2495358113,438103.91964775,438252.23319535353,,,,0.25786944620972474,0.13023196772818982,0.5541784090987063,82352.61458273871,36922.960759687965,165583.61827824125
2020-04-16,Croatia,,14766.791795684598,3973.5188516554026,47766.65192089122,1081656.8460781586,115916.82944103805,2217827.9321055007,,,,,,,,,,693.0179095645219,153.35426236306228,2343.010915824853
2020-04-16,Czechia,,1263123.1136789157,795300.21347566,1866367.2651532432,,,,,,,,,,,,,62059.393648624806,38668.24863846201,92221.60122234117
2020-04-16,Austria,,2696786.8530687983,2191495.133790399,3178544.2817967427,2683.2126055148224,39.16534909417122,76797.95901771,57725.502482675256,56494.31581978543,57962.894293006575,,,,0.021405289193317877,0.017773644414307406,0.026449018023943432,131214.23517091313,105949.64920699317,155302.10660731036
2020-04-16,Belgium,,1273845.6868302263,790074.9401945231,1903683.9799359813,4.593652152081899,1.0,7198.198031846377,10689.048413426604,1198.3068217035307,36352.586602294534,,,,0.008391164270473525,0.0006294673035720079,0.046011567704380335,61662.791332760295,37474.254000975125,93154.70598804805
2020-04-16,Luxembourg,,346773.63117604074,314769.45936790353,364503.84319107456,,,,3946.2512341054653,3863.7965344372883,3953.823457514973,,,,0.01137990573482255,0.010600153075510559,0.01256101359215327,16619.050260556683,15018.841670149824,17505.560861308375
2020-04-17,Switzerland,,2306297.325514694,1616241.8950022296,2982803.5384257264,93.82164184718506,4.0,7435.1547280719615,40949.31851525443,30780.356933803978,46999.38733036458,,,,0.017755437714916403,0.010319270624859638,0.029079426461903306,110139.09500422643,75636.3234786032,143964.405649778
2020-04-17,Italy,,5071376.7995425705,3783296.451915409,6620345.700171185,832890.1531583455,429108.1054847707,1533978.1949578263,317681.38954983646,306837.5927286029,326659.9049247159,,,,0.06264204024013574,0.046347669234352656,0.0863426667924303,231847.3325315571,167443.31515019893,309295.77756298776
2020-04-17,Germany,,14696827.43728743,11907771.055688702,17708000.004619464,1100.5133781148384,67.0,29353.367276093275,360141.22256007104,308006.1352681275,402622.28249929706,,,,0.024504691512288842,0.017393615043357704,0.03381172518487011,713290.3111855658,573837.4921056294,863848.9395521677
2020-04-17,US,,22776231.786912557,18497997.73230889,27743709.100929275,87.58352638212955,17.0,2404.3228639220056,34749.89145494753,19344.639588639107,60116.29498182505,,,,0.001525708544769691,0.0006972621980091034,0.00324988119534824,1118825.846627789,904914.143897606,1367199.7123286251
2020-04-17,France,,5132977.841350761,3279769.147439515,7618558.362387357,66.54312282726258,12.000000000000002,10140.993879567466,107818.92780989273,61321.408042517694,165169.07175991635,,,,0.021005141877160297,0.008048951668502016,0.05035996874623396,245987.1564979201,153326.7218023578,370266.18254975
2020-04-17,Spain,,17270151.963291347,13562331.777280236,20400810.346443556,13507217.032264382,5656386.942032512,20977688.804233897,304757.4439129288,304412.55192809424,304999.4885089727,,,,0.017646483051261357,0.014921591189693212,0.02248872048830948,829208.3921182706,643817.382817715,985741.3112758809
2020-04-17,Netherlands,,1202404.8169293855,824557.2478076109,1691317.767871291,38072.96698590728,62.749040394211214,2441235.5104083577,110580.70776029416,109728.66788564672,111133.80705771418,,,,0.09196628806152587,0.06487761789657795,0.1347799771977074,57698.46181661874,38806.08336053002,82144.109363714
2020-04-17,Poland,,3413508.6059372793,2438988.5450132117,4630696.605162803,24777001.77642048,24110152.098572697,24803359.02621574,58762.96323793817,15656.011288382542,129101.32583320895,,,,0.017214827915104397,0.003380919248937087,0.0529323215138387,169136.08723144588,120410.0841852425,229995.48719272204
2020-04-17,Portugal,,4360435.778378107,3937297.5085194027,4732227.491549928,88637.39551523939,3524.8278028906407,988941.1309836823,,,,,,,,,,214336.01609687548,193179.1026039402,232925.6017554665
2020-04-17,United Kingdom,,2102915.5973132686,1189411.1087412823,3532465.9751112587,356.9613874644692,52.99999999999999,36463.51233623293,401818.9187205522,356174.48017100024,419021.3180370814,,,,0.1910770547490945,0.10082884950074633,0.3522930927394136,101859.13995236414,56183.915523764845,173336.65884226366
2020-04-17,Croatia,,16131.95868875845,5563.053841821966,42550.404688413015,2581068.132284399,2431230.354562418,2627589.7821515272,,,,,,,,,,754.9580207692305,226.5127784224062,2075.8803207519586
2020-04-17,Czechia,,1244078.4231150914,868649.1555477757,1703653.4585494732,6945379.2217008015,6693171.495770347,6954710.651467398,,,,,,,,,,60973.6302488721,42202.16687050631,83952.38202059119
2020-04-17,Austria,,2567751.770708628,2153448.9028725857,2970725.8904417465,352.5691666184848,1.0,221988.58661622374,45984.80366135482,26377.33674223208,53376.78066827209,,,,0.017908586096959167,0.008879088046157559,0.024786648337497268,124483.93123245609,103768.787840654,144632.637219112
2020-04-17,Belgium,,1041936.9322334281,660978.3658226223,1545351.5166155722,4.379174502613998,1.0,6828.612105695976,47115.937186924806,22585.820707028433,61950.503572314345,,,,0.045219567259152764,0.01461532891655159,0.09372546330652394,50124.970607306816,31077.042286766507,75295.699826414
2020-04-17,Luxembourg,,390000.90763871773,387524.8153890343,391513.9210028712,,,,3290.216713349817,1313.9756437445708,3738.6753613184173,,,,0.008436433477220907,0.003356140288393308,0.009647576652775592,17149.365236292164,17025.56062380799,17225.015904499836
2020-04-18,Switzerland,,1657369.3149157206,1062939.0317777991,2323742.3793772976,792.7021614087191,14.999999999999998,107261.2040875522,32255.40987626926,22205.792287740118,40029.03619671224,,,,0.019461811912397743,0.009556047384947506,0.037658826141479085,78549.40700480432,48827.89284790823,111868.06022788316
2020-04-18,Italy,,4684701.556933538,3446880.3646692783,6193492.658609567,1214684.3459508808,715464.1070740072,1984265.463003337,310791.75888750626,300048.94976970943,319830.9230922988,,,,0.06634184805807374,0.0484458392555954,0.09278851867636144,212119.95761921175,150228.89800599878,287559.51270301326
2020-04-18,Germany,,18714008.817455586,16327387.99600646,21156848.541214686,3815.816382685225,105.0,88822.54267437539,213299.59037641238,145917.37713936938,282219.4124959859,,,,0.011397856678225786,0.006896933484924015,0.017285031296188608,906486.860771272,787155.8196988156,1028628.8469592269
2020-04-18,US,,20784447.62216053,16615968.63735008,25693104.33557996,213792479.99987063,213792479.9999907,213792479.9822961,33904.16169011723,20235.68555754721,55159.342407454686,,,,0.0016312274594186644,0.0007875920828112903,0.003319658553246495,1017870.0615938314,809446.1123533087,1263302.8972648028
2020-04-18,France,,4761344.182753741,3198877.9873304237,6804375.076590173,62.866340182164116,12.000000000000002,10023.11256321837,54214.737980729406,22440.924580192936,107613.06074244717,,,,0.01138643540559467,0.0032980140464917746,0.03364087694768692,226901.58535051,148778.27557934413,329053.1300423316
2020-04-18,Spain,,13377100.982498778,9775072.879073713,16818020.71036408,6100596.2162374435,2138934.560234196,12464393.21020047,298322.56327538955,296543.043107666,299556.21282560803,,,,0.0223009876105207,0.017632457957726368,0.030644908383945887,639773.6443088367,459672.2391375834,811819.6307021019
2020-04-18,Netherlands,,1165689.531521715,836285.856220413,1580127.216472198,5349.815488642435,5.645504769657373,658791.5024390575,110587.99470741556,110078.28278074604,110967.798973687,,,,0.09486916688961916,0.06966419009382516,0.13269123009589692,55673.80994502466,39203.62617995956,76395.69419254879
2020-04-18,Poland,,999195.4418045896,394312.5393941975,2254616.53019961,5775934.325064743,58736.61397938329,21412186.28513901,14608.292232225369,2281.755152753221,57042.02184168251,,,,0.014620054917226368,0.0010120369127920874,0.14466195249412836,49110.740489512194,18866.595368992592,111881.79490926325
2020-04-18,Portugal,,1513913.1393708375,714628.0218698647,2614527.309997403,11427.380822565989,220.53715183138576,250521.17808245157,67913.99981903729,67913.99992508152,67913.99943508489,,,,0.044859905137795066,0.025975632254974988,0.09503405597975864,74129.11994472668,34164.864069678035,129159.82847605494
2020-04-18,United Kingdom,,3534679.117804295,2311025.732219942,5206976.1412626635,1548.0265268729388,67.0,132236.46473994025,331758.842223745,249690.7423772159,377206.58483740455,,,,0.09385826298988917,0.04795311820204868,0.1632204174875477,171765.46264963187,110582.79337041418,255380.31382255035
2020-04-18,Croatia,,21172.128794771932,9117.380648156879,46125.032646742315,442568.42457876063,69195.00362310745,1338780.8425331742,,,,,,,,,,993.2686858959947,390.53127856524236,2240.9138784945144
2020-04-18,Czechia,,869367.2076094877,563563.5077299947,1275375.0794808995,1391268.013924716,12164.270363675341,5911465.727488514,,,,,,,,,,42371.22445380083,27081.039459826192,62671.61804737143
2020-04-18,Austria,,2333939.23132716,1960079.144112241,2706378.081453517,701.1656673577412,9.0,139054.4411056887,35324.79682023541,18374.697956444525,46556.870406861955,,,,0.015135268453475756,0.0067894053984415975,0.023752546190142998,112687.22920997055,93994.22484922463,131309.17171628846
2020-04-18,Belgium,,910257.2072908665,596563.3772696822,1322583.4205052578,7448760.0,7448760.0,7448760.0,64846.50328674933,56119.66113569204,69124.98082305821,,,,0.07123975813358001,0.04243184986717361,0.11587198184948184,43521.233349432645,27836.541848373417,64137.544010152196
2020-04-18,Luxembourg,,393033.65847297397,392344.81985136,393531.95335408417,,,,3767.3917407065223,3406.6542148266008,3861.8922757285195,,,,0.0095854175831752,0.008656613994852487,0.009843107593956759,16121.308299149376,16086.866368068671,16146.223043204884
2020-04-19,Switzerland,,1914727.6793650375,1405047.7833633637,2446809.3018041463,4037.3134897041414,29.400501366050516,165279.3397330544,39766.659487070385,33673.93832022178,44184.045543724715,,,,0.020768833038574876,0.013762387733033557,0.031446649763012466,90404.13741618703,64920.14261610334,117008.21853814244
2020-04-19,Italy,,4549110.421639516,3387976.480948695,5955899.49372918,1176473.4583849402,734990.1331848366,1826570.5925148032,299253.70743086544,287020.8803922943,309585.99903363857,,,,0.06578290691897809,0.04819102147282565,0.09137784774319004,204263.53439281989,146206.83735827883,274602.9879973031
2020-04-19,Germany,,19606522.900113925,17597981.79026471,21640419.78436612,7903.886704712829,362.9356051904494,110425.61629296649,331020.2213333828,280440.71146771964,374342.266478992,,,,0.016883168067065038,0.01295911605514792,0.021271886227662764,946309.3703756792,845882.3148832184,1048004.2145882888
2020-04-19,US,,110463632.35469264,79733831.47303586,137794487.2112508,188442101.20371088,65343965.79010724,209273861.9905072,158602.87805456118,67731.88049760777,324519.3313010996,,,,0.001435792709996138,0.0004915427450574926,0.004070033075117488,5439050.4131821515,3902560.369099312,6805593.156010059
2020-04-19,France,,4684981.638268494,3323324.2290397263,6405264.389622584,59.61406928799182,12.000000000000002,9909.78814493571,98566.79344488717,53650.66816619088,156067.27631859257,,,,0.02103888575352371,0.00837602710875017,0.04696119474436238,222158.4215212552,154075.5510598168,308172.5590889597
2020-04-19,Spain,,13338916.340249095,10461534.35867071,16108080.122054925,1864278.6141637904,436354.6662238432,5741044.582395824,295430.6633595301,293581.31162235443,296808.4313905293,,,,0.02214802580837036,0.01822571711822985,0.028371405303900667,634744.2171262649,490875.1180473456,773202.4062165562
2020-04-19,Netherlands,,1146582.12051585,852685.9938039442,1507760.1117895553,1480.3176163390274,2.0,252943.47383085504,108943.38577719493,108238.16029940912,109494.0447425677,,,,0.0950157723793748,0.07178738809514043,0.12841074620459095,54499.00918203499,39804.2028464397,72557.90874572025
2020-04-19,Poland,,1125065.9312487666,567869.6521243313,2082243.9375888454,7548.852111365702,1.0,12504592.424573733,4392.333730825141,431.09392263613677,26712.75784572625,,,,0.003904067849561377,0.00020703334266172784,0.047040298325147466,55226.50436259577,27366.690406374008,103085.40467959973
2020-04-19,Portugal,,3454341.3007336524,2427974.37718474,4358063.456233159,2902.2340062104395,32.59749864512848,99465.51006221725,67910.30645109543,67909.7182407676,67910.06081602792,,,,0.01965940841939164,0.01558254461477359,0.02796984245557415,169131.1781855076,117812.83200806193,214317.2859604829
2020-04-19,United Kingdom,,2002875.7524152268,1064509.4221765564,3541665.7578222407,3907.5133460198217,67.0,156771.35485114856,429516.5406734301,425081.7422423293,431861.21991021006,,,,0.21444991790203907,0.12002311096225825,0.4056903686462465,96217.88163764203,49299.565125708534,173157.38190799276
2020-04-19,Croatia,,35225.295747412965,17701.359816900123,66778.88763273624,101777.28114040804,15055.930594243591,450801.6047206795,,,,,,,,,,1666.3144423950766,790.1176458694348,3243.994036661241
2020-04-19,Czechia,,1670981.4103544904,1223706.5408369156,2183250.0215175673,56871.770748992145,176.24329029778355,2095436.3358159459,,,,,,,,,,81642.14175277039,59278.398276891654,107255.57231092424
2020-04-19,Austria,,2100709.0694117704,1750955.1245645343,2456902.2537577073,858.9670661464729,9.0,81151.25142161852,41892.186079649946,31863.257861893675,48208.27798790044,,,,0.019941926604515672,0.012968874855790636,0.027532560550282473,100955.94968303436,83468.25244067257,118765.6089003312
2020-04-19,Belgium,,872372.7125184247,603496.7976274815,1215260.5370622647,7443046.317520189,7408346.29076919,7445515.527168124,71616.0121457088,69962.41928740269,72590.20343968102,,,,0.08209336573465581,0.05756989316589496,0.12028266550055255,41493.13808023179,28049.342335684618,58637.52930742379
2020-04-19,Luxembourg,,396362.5389036011,396313.32701505657,396396.48494300974,,,,3971.2734973308948,3971.1506775491375,3970.9749476716624,,,,0.010019295739491526,0.010018127880523644,0.010019786560245549,12486.104563706918,12483.64396927969,12487.801865677351
2020-04-20,Switzerland,,2448023.9887829847,2014343.5161863656,2866615.718447743,3763.339303444461,68.40851047998655,90387.56628044868,44272.42101829497,40958.349761890364,46761.0121844558,,,,0.018084962084176568,0.014288050364863376,0.023214020751031374,115099.673911969,93415.65028213804,136029.26039520695
2020-04-20,Italy,,4547212.286998621,3459760.9196087327,5846650.6669943435,773870.6406094575,374564.4822941807,1502653.313449466,295827.4044905238,284552.46166479966,305501.54515753634,,,,0.06505687129152796,0.04866931134968646,0.08830134574503656,202634.8896605988,148262.32129110437,267606.8086603849
2020-04-20,Germany,,22422168.26153828,20852332.45143909,23984368.30304202,61390.06317839241,4354.388206398011,577085.790197745,462861.18534363346,442075.5574474529,478889.50303197256,,,,0.020643016319594715,0.01843181991961752,0.022965752351551582,1078292.8107192328,999801.0202142731,1156402.8127944195
2020-04-20,US,,161160105.16681215,144956277.5053332,173647039.6619954,23454799.855038136,1589734.5879456834,110041137.62768498,301900.77019355923,168182.60956075447,492093.7942417074,,,,0.0018732971778658894,0.0009685313949959788,0.00339477394639637,7888151.560186211,7077960.177112264,8512498.284945374
2020-04-20,France,,4348696.473236723,3128656.3884543413,5882231.944964083,56.72402771543051,12.000000000000002,9802.738784612278,386565.48286949104,346371.22914767213,406394.8683484171,,,,0.08889226582000821,0.05888432016765485,0.1298943756969072,204860.94486880297,143858.94062968387,281537.7184551709
2020-04-20,Spain,,11030462.046935448,8357460.589163036,13766346.698222553,2096868.3681006453,711270.2427851079,5053676.474988103,291229.5297764147,289022.26476963906,292938.9477451464,,,,0.026402296525495587,0.02099484134065549,0.03505119104300592,521614.98731365026,387964.9144250297,658409.2198780057
2020-04-20,Netherlands,,1215595.5857938742,950500.9260096226,1529550.1452341876,596.8810576325517,2.0,124805.55148299164,108938.0575407573,108456.36409402109,109339.12990863364,,,,0.0896170229752954,0.07090736085505421,0.11503316505714455,57572.12429004296,44317.39130083039,73269.85226205863
2020-04-20,Poland,,891591.4534477008,480911.76408350846,1569946.8340017968,772.300449890584,1.0,12782378.91740773,1761.3578406288143,118.59808732237444,14872.032587647633,,,,0.0019755212253524954,7.554274116408626e-05,0.030924659570326425,43570.18436863274,23036.19990042312,77487.95339633756
2020-04-20,Portugal,,4037814.2690276536,3340923.717929802,4628209.351485362,4389.6200764108835,156.7278405873606,69207.77318087882,67911.54112971769,67911.55839026357,67911.38802888898,,,,0.016818886804833514,0.014673398118533309,0.020327129190178032,196929.1916483202,162084.6640934276,226448.9457712056
2020-04-20,United Kingdom,,3596589.2665893617,2208994.644362689,5570486.406308092,4047.188504204058,81.60127149027491,103369.35505992133,424505.3675894789,419917.72833798686,427438.0840404717,,,,0.1180299823315762,0.07538259636761101,0.19349892274808594,173688.1306169386,104308.399505605,272382.9876028752
2020-04-20,Croatia,,49990.764692593424,29148.285260957906,82926.16477879553,17397.68774057223,1452.9748436500333,132831.27245971878,26902.62509573933,26902.227352204238,26902.021770191608,,,,0.5381519018796925,0.3244118116877294,0.922936684931686,2373.072682487365,1330.948710905589,4019.842686797471
2020-04-20,Czechia,,1638172.5167070932,1273829.1719147307,2046004.0171025475,21918.283462158048,176.9288994359582,708747.8244504691,,,,,,,,,,79792.16560212697,61574.998362508864,100183.7406218997
2020-04-20,Austria,,1788784.908913136,1438835.8028538404,2157932.229309629,766.7130868034126,9.0,47478.29257096611,19281.70436010646,8808.427223411385,31385.48506086189,,,,0.01077921904642074,0.004081883158225687,0.021813110987793573,85477.02819218284,67979.57288921806,103934.39421200752
2020-04-20,Belgium,,1008892.9197482051,762329.0467593855,1303226.1821695657,19479.601440490973,1.0,5209241.056567363,75003.77664607232,74968.45898868362,75025.11679618551,,,,0.074342653395557,0.05752528610488682,0.09841566068499258,47891.17852796603,35562.984878525036,62607.84164903406
2020-04-20,Luxembourg,,396238.0448678401,396206.7704983778,396261.2150397095,,,,3896.534731404376,3851.297392426812,3914.9847661710905,,,,0.009833822829163244,0.009719087425805406,0.00988116573890582,11838.499045600049,11836.935327126934,11839.657554193516
2020-04-21,Switzerland,,2828890.267587274,2496141.7807418955,3141195.2514203056,2268.9673268841893,59.7051316576585,44435.836888371865,49539.955234311514,48188.075385869386,50591.957409766794,,,,0.017512151603025432,0.015340681342263244,0.020268062415400943,132131.94590612708,115494.52156385814,147747.19509777866
2020-04-21,Italy,,4598095.576400137,3573361.587916095,5805124.8698079875,985031.7674941086,550487.6281337033,1687004.2642313302,299995.2878307686,291050.4162352745,307815.31104427396,,,,0.06524337801295463,0.05013680545426431,0.08614166338083493,203397.24867676094,152160.54925255882,263748.7133471535
2020-04-21,Germany,,17193420.953507546,14102210.6750503,20426733.20326188,248307.96998555394,35639.02142646841,1318312.8513493908,421883.94388199213,395617.3895174658,443272.30707107065,,,,0.024537521940677296,0.01936762895861835,0.0314328240646206,821781.6826269117,667221.1687040495,983447.2951146286
2020-04-21,US,,161329489.00993484,150237279.5455367,170512361.1987173,3622871.6568127014,281264.89101134194,26544595.86819892,401027.10983110045,267978.9586517562,565638.2030902198,,,,0.0024857644581419637,0.0015716101564006266,0.003764965691613017,7867580.362736306,7312969.889516397,8326723.972175429
2020-04-21,France,,3767957.7355582938,2627279.341486572,5243898.760050082,54.133625064777355,12.000000000000002,9695.6168553037,414772.3194400154,403599.696349207,421306.3557846038,,,,0.11007881418780274,0.07696557748673097,0.16035841683519633,175927.1164261644,118893.19672257832,249724.16765075387
2020-04-21,Spain,,10858341.951220332,8620295.621357545,13145933.955732685,3097156.630291089,1452591.5310279522,5814760.508087596,291986.6993437917,290519.58642518515,293187.14293715893,,,,0.02689054191289088,0.02209957751221588,0.03401126316489215,510519.00804413523,398616.6915509959,624898.6082697528
2020-04-21,Netherlands,,1327814.8769867844,1086935.9882275616,1603355.3620245862,303.5267122660985,2.0,72601.77102477553,106854.12819415977,106072.68910665296,107499.54942369123,,,,0.08047366394677266,0.0661566934062035,0.09890145380041007,62690.60216631062,50646.65772834949,76467.62641820073
2020-04-21,Poland,,856818.0847656314,514933.6312895097,1376303.524554922,224.8767023187966,1.0,13338330.33914164,876.7212243851187,43.68219464168325,9513.82158369577,,,,0.0010232291310995514,3.1738779900174626e-05,0.018475820971085185,41738.40082929018,24644.178155484096,67712.67281875471
2020-04-21,Portugal,,3704426.269688838,3132993.9078761013,4219487.850098737,2755.3410572913194,137.26477605546035,35118.438862039715,67913.34684393238,67913.38823577909,67913.29350307037,,,,0.018333027005997597,0.016095173312133112,0.021676803562350272,180128.70828704254,151557.09019640565,205881.7873075374
2020-04-21,United Kingdom,,5234651.734534383,3684185.504992085,7192801.160373465,3179.0916625780987,91.12188222223551,64159.619679247626,413437.60525663575,406745.3251796744,418135.26774069923,,,,0.07898091911809119,0.0565489461074655,0.11349462918577916,253152.46620724595,175629.15473013106,351059.93749920005
2020-04-21,Croatia,,262090.3856639916,122453.22925029632,494755.02496245893,4709.1139459892875,229.98891287956403,56088.36889553033,25709.499585496847,17927.434499672552,26515.79780082568,,,,0.09809402019979954,0.036234972047091085,0.2165381669651763,12737.9919710224,5756.134150337634,24371.223935945767
2020-04-21,Czechia,,1338380.2371614957,1010228.7842986952,1719447.420040894,32684.33257257203,1169.3985311484214,443506.68127833115,,,,,,,,,,64862.736529465525,48455.16388632552,83916.09567343545
2020-04-21,Austria,,1522297.2953666863,1185120.3759479427,1890705.134560361,599.979085876709,9.0,29724.935578089917,15890.821267688758,8196.392059354466,25388.292977864883,,,,0.010438710832670188,0.004335098006310933,0.021422543644612924,72262.08966882939,55403.243697892205,90682.48162851312
2020-04-21,Belgium,,1236370.672430266,1005029.6483230506,1497123.9677358312,7448760.0,7448760.0,2.041193411865817e-39,75227.28832275594,75227.81349662639,75226.42138205617,,,,0.06084525458282328,0.0502482193310931,0.07484995244426446,58624.173141515814,47057.12193615505,71661.83790679407
2020-04-21,Luxembourg,,395380.626899874,395307.49930544023,395436.7948912189,,,,3968.100748235839,3967.8913532142296,3967.833129288395,,,,0.010036153716860586,0.01003419864938406,0.010037333307007644,12374.949183463157,12371.292803741464,12377.757583030401
2020-04-22,Switzerland,,2602638.956697175,2276388.2410597517,2914949.616830452,5599638.0,5599638.0,5599638.0,51154.29339444751,50467.706911039495,51723.052344333424,,,,0.01965477895534301,0.01731340624882401,0.022721542578455,120762.52373489836,104449.9879530272,136378.05674156218
2020-04-22,Italy,,4438724.7723052185,3424198.251728422,5641148.580196239,1128662.1414270415,703388.1959920439,1756045.4402191844,297019.99924731825,288348.64282674034,304645.6456465409,,,,0.06691561529125023,0.051115236325987634,0.08896846013304452,194432.79780931122,143706.47178047142,254553.98820386227
2020-04-22,Germany,,12188502.724982886,8704685.27384966,16220553.750813408,252789.74199433485,55901.32636689127,964540.5976720292,270246.4197534506,202227.6439159275,331900.9450004693,,,,0.022172240992285628,0.012467369919833129,0.038129000022270265,577296.1895204738,403105.3169638125,778898.7408119999
2020-04-22,US,,149376950.7012943,138484865.5994016,158824634.49572405,547935.1496078981,29422.326601354038,6044381.403182745,646271.6637398463,498976.194168449,804756.8745633048,,,,0.004326448362386116,0.0031416801036736066,0.005811153955922114,7269551.631437805,6724947.37634317,7741935.821159293
2020-04-22,France,,3196692.078242509,2129547.9222691427,4634316.289160849,43771266.0,43771266.0,43771266.0,398213.65627662727,384284.34452252655,407456.9048551471,,,,0.12457053933563685,0.08292147547661452,0.19133493104066,147681.36942923788,94324.16163056948,219562.57997515483
2020-04-22,Spain,,9424523.990398923,7325638.412042312,11643903.834055195,3256890.9949640115,1829537.170373021,5355746.04399837,293077.0758630061,292123.7334525748,293888.5098048775,,,,0.031097281535022187,0.025088126595325676,0.040117801790730816,439737.97274495097,334793.6938271203,550706.9649277645
2020-04-22,Netherlands,,1292280.5949726056,1051582.5834373694,1568891.7201659938,179.84633909220645,2.0,47187.7211545133,105747.36637618052,104951.55262535966,106419.6124754237,,,,0.08183003504623718,0.06689534483250092,0.10119948176353748,60657.55564755541,48622.655070793604,74488.11190722481
2020-04-22,Poland,,696126.1158775907,418574.1272024725,1120194.4318362526,101.60344749926031,1.0,13473116.181997212,868.8413270781442,68.1242646754002,7033.227809080953,,,,0.0012481090814741454,6.0814678897956214e-05,0.016802825000406304,33719.076786415324,19841.47735265941,54922.492584348416
2020-04-22,Portugal,,3269005.4140440533,2755532.9575383184,3754955.7566330815,1448.1244898305465,65.79144364514836,20204.411478578244,67671.38277316534,67578.24089027876,67715.19584229929,,,,0.02070090874809833,0.0179970804638384,0.024574264538208726,158423.74151303724,132750.1186877505,182721.25864248862
2020-04-22,United Kingdom,,4389384.662979976,3081066.688858956,6064225.924797392,2410.2639120846648,81.93783220021972,43466.61408234647,379449.5585110496,361483.83285567776,392134.8723153364,,,,0.08644709626643643,0.0596092291643562,0.12727243903330113,210964.9474906716,145549.04878462054,294707.01058154245
2020-04-22,Croatia,,460145.23578119604,277677.0926779383,701323.1206777836,1820.54118781548,57.55749697274747,30669.159128602285,11176.028544471379,761.4279712700909,22531.83091624748,,,,0.02428804576341566,0.0010857020805676843,0.08114400326994511,22422.43241379896,13299.025258636071,34481.32665862833
2020-04-22,Czechia,,893773.6021425006,583960.5588337942,1300127.256302135,11867.118551996391,526.6407087185844,152522.91832197114,,,,,,,,,,42942.3498928254,27451.697727390077,63260.032600807135
2020-04-22,Austria,,1653866.7167049542,1368024.9740049224,1956344.3502712385,455.5689610795839,9.0,20290.18254156837,52406.1802134374,48092.018721761146,54566.944369555255,,,,0.031687063826913296,0.02458259391558209,0.039887389050953764,78188.02317139522,63895.936036393636,93311.90484970943
2020-04-22,Belgium,,1393962.5728925029,1188961.0570836004,1617248.4672487928,7447235.0487923585,7444957.0936550815,7447109.074603653,74712.32715820307,74598.0559609777,74773.04639382336,,,,0.0535970825982604,0.04612652753839448,0.0628893990668071,65907.96279179084,55657.887001345705,77072.25750960532
2020-04-22,Luxembourg,,389101.5126377056,387874.5397315568,389958.993214429,,,,3891.554571330411,3862.8981096247694,3905.4558995692296,,,,0.010001386386163595,0.009905908510489602,0.01006886376783624,14651.14082926948,14589.792183962043,14694.014858105651
2020-04-23,Switzerland,,2417468.3414048683,2099934.0378780016,2726318.43393942,5585615.793406512,5549471.124118935,5591365.25404432,50003.379843693096,49234.43080071472,50650.81117448696,,,,0.020684192213509832,0.01805894358773525,0.02412019152071556,111358.57976290828,95481.86458656492,126801.08438963586
2020-04-23,Italy,,4082299.302119642,3028900.04195534,5367776.066571446,864426.1962485362,470623.7424226641,1515995.4820428803,287613.354258264,277311.890879355,296604.85855455557,,,,0.07045376464898771,0.051662343480822985,0.0979249412149894,176548.76571814262,123878.8027099275,240822.60394073286
2020-04-23,Germany,,9872046.805465208,6791481.775706752,13611578.912300995,112699.5320586528,22579.060756983883,473697.1990736421,234784.7875512429,179017.55952216143,288951.03321360523,,,,0.023782787113738667,0.013151858478400363,0.04254609564693055,463365.2587252571,309337.0072373344,650341.8640670464
2020-04-23,US,,143036275.86777017,133339965.63161834,151707950.89842743,141012.739777077,5002.569492645171,2223989.5364715382,938432.7564943308,805001.3299540185,1069060.4581360272,,,,0.0065608025013309534,0.0053062566937773,0.008017554624916788,6938481.034587189,6453665.522779596,7372064.7861200515
2020-04-23,France,,3504802.711873006,2514136.64197804,4765383.6382498685,43770371.3763443,43769980.195258506,43769421.75099807,389655.52214021346,377248.64103316603,398697.8727551083,,,,0.11117759091551747,0.07916437996830702,0.15858241994413874,161389.55872310555,111856.25522835724,224418.60504194876
2020-04-23,Spain,,9433839.80666534,7626534.436383071,11326825.42888282,1591465.1473827504,684637.29071934,3298468.2787323883,295439.50342987914,294929.47736869287,295887.3436010033,,,,0.0313169938736018,0.026038140979610932,0.038797090089758984,437403.2244781943,347037.955964081,532052.5055890683
2020-04-23,Netherlands,,1143189.9849476465,878525.3796955182,1460737.4944057318,118.46053234550129,2.0,33141.88921268641,100407.16568358644,98344.63308469664,102054.2948874259,,,,0.08783069044134838,0.06732532947318227,0.11616544865533215,53194.112586115254,39960.882323508835,69071.48805901952
2020-04-23,Poland,,565472.24833745,334672.35886818345,924480.2830612636,58.08261992317308,1.0,13303815.23210195,872.3243718417458,99.79728375071933,5438.15169039092,,,,0.0015426475382416636,0.0001079496075570775,0.01624918086686935,27208.62634106564,15668.63186760232,45159.028077256335
2020-04-23,Portugal,,3226541.57643698,2812222.549513176,3623404.709494978,803.6368269650819,28.902379699002818,13568.890115547889,67646.85529974315,67594.95109146863,67678.75193273844,,,,0.020965747286121918,0.01865509279555191,0.02406593032420364,155738.87710995314,135022.92576376302,175582.0337628531
2020-04-23,United Kingdom,,3651082.4062849,2511455.659790521,5145929.739323895,1866.206584021545,67.79979517506446,32342.051494043462,328865.66710985656,295713.1516297292,353453.5446584769,,,,0.09007347151183273,0.0574654467918526,0.14073652595879727,174209.24842524595,117227.911100527,248951.6150771957
2020-04-23,Croatia,,515336.0973872828,357983.0753714396,705738.5953008886,892.267118709002,19.996931897503494,19696.952208467294,2434.8065992433753,69.78754000637835,14383.388841686738,,,,0.00472469639054526,9.888582043132375e-05,0.04017896328412364,25059.534665861294,17191.883565069144,34579.659561541586
2020-04-23,Czechia,,573271.1732551346,319382.3761240832,957212.63041117,4213.054846871817,152.69066433492537,65772.36181451826,70285.90867478534,70279.02301128827,70284.66200063238,,,,0.1226049938560308,0.07342049277086947,0.22006430928839385,27214.10587060326,14519.666014050694,46411.17872840504
2020-04-23,Austria,,1897735.7763603718,1657576.0274221003,2143862.372516834,349.51482280151635,9.0,14954.902503592173,54679.80588808224,53216.538602233406,55581.99509230479,,,,0.028813181776522933,0.02482274015554398,0.03353209395694938,89374.1509456661,77366.16349875255,101680.48075348923
2020-04-23,Belgium,,1164925.5020545365,914097.0139696914,1454125.8049478226,6543609.839672556,3054731.141146466,7189947.676381908,71825.10180975763,70398.4147219479,72622.06285336032,,,,0.061656390630201084,0.04841287767702738,0.0794467783435602,54587.94675197003,42046.52234772777,69047.96189663433
2020-04-23,Luxembourg,,364142.0235518047,353084.3554816761,371074.13033508713,393328.714779844,393294.84072967205,393321.3909583028,3445.4623158430463,3088.830213113974,3618.809810359663,,,,0.00946186403380844,0.008324024664087203,0.010249136655808209,15400.98183778103,14848.098434274598,15747.58717694515
2020-04-24,Switzerland,,2097563.4740514047,1748075.383348884,2447382.118140962,3450847.769052812,733965.5695173241,4963321.353418676,41046.27654718336,36874.14390623987,44191.2329037699,,,,0.019568550394283537,0.015066770175737643,0.02527993547916128,95806.3592006181,78331.95466549206,113297.29140509595
2020-04-24,Italy,,3717192.284623546,2645523.3269700008,5067713.794388758,830055.5034922006,472859.88315231545,1400650.287650373,278960.4347665958,267440.14253014803,288995.15312579577,,,,0.07504600607306143,0.05277333199563715,0.10923931389287382,158493.20867928426,104909.76079660695,226019.28416754486
2020-04-24,Germany,,8138388.474489748,5429571.535743903,11560567.041433785,54101520.0,54101520.0,54101520.0,227920.6028188411,183528.43543207,271589.5999929805,,,,0.028005618499690882,0.01587538351486504,0.05002044787605328,378147.5712744871,242706.72433719496,549256.499621689
2020-04-24,US,,120201802.86312358,106553845.6248266,132708721.60822798,580917.1062442517,49892.05772888869,4608090.515467256,1042416.3284724386,942608.9647650877,1138683.630315544,,,,0.0086722187491602,0.007102841119574506,0.010686462075942524,5818767.425153065,5136369.563238217,6444113.362408284
2020-04-24,France,,3435811.5234533125,2517347.0766201224,4587930.801786035,43689457.59274036,43583851.57663184,43710945.484974094,388060.5700335025,378681.3593450094,395391.6534088385,,,,0.11294582586517005,0.08253859434793405,0.1570668014279958,157094.86775070042,111171.64540904092,214700.83166733652
2020-04-24,Spain,,8660268.361212213,6960388.703137036,10467415.494025288,2408000.6593558816,1293580.649087657,4144143.868229854,293652.8959952528,293025.1069220734,294197.28825315874,,,,0.033908059629014664,0.027994026518707475,0.04226736476952279,398274.8853097814,313280.9024060225,488632.2419504352
2020-04-24,Netherlands,,1094367.1974337287,840237.1979143622,1399969.9014122146,130.77127989491794,3.0,19509.90206679825,99211.24467495825,97370.08916212217,100736.01604930835,,,,0.09065626684316452,0.06955155897558972,0.11988997428268522,50555.184901377776,37848.68492540945,65835.32010030207
2020-04-24,Poland,,514001.458483723,315182.91087231267,815000.6168200398,38.11802741691464,1.0,12900559.41644208,1075.4399318844105,183.4676613868261,4964.962290386214,,,,0.0020922896504163646,0.00022511352457950048,0.015752637973438937,24593.212570291107,14652.285189720591,39643.170487106945
2020-04-24,Portugal,,2458039.731443168,1957933.4584305575,2969024.883590095,6700300.473833738,6525899.049429183,6714732.207599063,67450.56312727011,67384.84988796784,67497.43325852131,,,,0.027440794493451263,0.022695953227070027,0.03447381368753255,118059.87476029305,93054.56110966252,143609.1323676394
2020-04-24,United Kingdom,,3551079.6007261,2548806.12005805,4828502.633823202,5824.267873872247,203.6091246603122,99234.59008857374,303526.5866142508,271002.1240820699,329465.88395587844,,,,0.08547445305145733,0.05612549989798613,0.12926282676548764,168579.00281418054,118465.32878077807,232450.1544690357
2020-04-24,Croatia,,472692.91055712255,346277.23863241123,623076.6868246028,513.5056766035625,8.762369584054039,14027.221019098926,720.3001613359587,14.653757796889575,8038.825012429709,,,,0.001523822645207441,2.351838562853281e-05,0.02321499687411821,22889.392701493805,16568.609105258234,30408.581514867816
2020-04-24,Czechia,,412888.4420579797,213611.4431892674,738321.4025970716,8230.410207201909,705.1608804278412,67765.4978083293,70289.99097470666,70289.99433282277,70289.98217398267,,,,0.17023966721944767,0.09520243363604963,0.3290553217774164,19355.76838643055,9391.918442994938,35627.416413385145
2020-04-24,Austria,,1920645.3315864124,1703084.595154726,2142545.2883475097,274.58318137118084,9.0,11715.272433586691,54040.85971632966,52896.781308457,54851.23652537156,,,,0.02813682402866804,0.024688757617466715,0.032206994697399814,89937.84884916358,79059.81202757925,101032.84668721844
2020-04-24,Belgium,,992707.4805931528,738768.1103955301,1298093.167162051,6734436.314836105,5280532.343550311,7147859.763017792,70917.70987131707,69640.97228068832,71742.74968386763,,,,0.07143867781568748,0.05364867025141232,0.09711132447968976,46069.184612726836,33372.2161028457,61338.46894117174
2020-04-24,Luxembourg,,344724.2811341893,328827.6762858564,355420.5063653121,353356.79128538416,139637.11530340687,383794.7878906532,2515.8335050242595,1633.8236998939385,3066.860798177539,,,,0.00729810356481658,0.004596875167958498,0.009326650459651262,14808.332049738345,14013.501807321702,15343.143311294487
2020-04-25,Switzerland,,1750232.5560187132,1372661.0532158993,2145344.7451040903,592256.8711350521,35798.128692919934,2754389.610244073,37894.594082945725,33691.17878560233,41257.68498584226,,,,0.021651176555157487,0.015704319253345766,0.030056717125602768,79107.80761776173,60229.23247762102,98863.41707203057
2020-04-25,Italy,,3374042.6694902177,2305605.3569800174,4764768.389037412,804364.366849874,475733.46207555186,1314062.2277084743,268401.2452087211,255137.18449463657,279921.1530665191,,,,0.07954885918774515,0.053546607864853615,0.1214089619539972,141671.1854014259,88249.31977591588,211207.4713787856
2020-04-25,Germany,,6913735.663601598,4530348.102511149,10009341.645730617,54096955.34395881,54094846.03944521,54095771.40421603,255107.35903581715,221316.30423723516,287554.2489425988,,,,0.03689862781113665,0.02211097513407741,0.06347288164969242,317827.40930465714,198658.03125013478,472607.7084111082
2020-04-25,US,,99746228.43792298,84424318.66726182,114435105.41499151,432998.97964314267,57707.82690502236,2514268.9088111226,1246229.4711448443,1175832.2114382444,1312890.65533589,,,,0.01249400093278148,0.010275100522467865,0.015551095656576553,4811678.493340205,4045583.004807146,5546122.342193631
2020-04-25,France,,3291563.480839729,2418787.978463928,4385724.444200274,41732703.89390896,38121390.02980285,42766052.29807902,376749.72217738186,366883.12539285,384728.55372034275,,,,0.114459199821134,0.08365393906085912,0.15905840327711065,149252.0844404399,105613.30932164988,203960.13260846716
2020-04-25,Spain,,9440070.384887744,7981609.103623589,10950599.133651573,5532016.050389553,3442612.8377358234,8214023.136294851,295563.69819465146,295213.0288344239,295873.82703115506,,,,0.03130948034749915,0.026958618905811645,0.03706944592122791,431786.6972703117,358863.633207104,507313.13470850314
2020-04-25,Netherlands,,1061478.5198411015,817811.2828822498,1354103.681951729,189.36763898396424,4.0,13623.568128515377,100146.05493055737,98872.71896102883,101241.70092187157,,,,0.0943458139365352,0.07301709631164965,0.123795920942862,48680.05645603,36496.69460808741,63311.31456156139
2020-04-25,Poland,,453805.1824085493,279096.9294237672,718249.3484962281,59.09637884669277,7.000000000000001,12438749.103506707,2127.601814798533,493.4981178530034,7594.468072195871,,,,0.004688359448665589,0.0006870846717594968,0.02721086214698121,21564.48146043569,12829.068811196586,34786.68976481964
2020-04-25,Portugal,,2371971.713578109,1950826.3502994496,2803700.976060958,1273713.4924455057,115082.71566373455,4180325.8122089175,66514.03143431582,66249.70596486957,66704.27990009017,,,,0.028041662998577542,0.023629376502891788,0.034192833149834755,113383.95455837825,92326.68639444528,134970.4176825207
2020-04-25,United Kingdom,,3435125.3303437964,2532039.89816123,4565876.943323364,9162.349644331434,575.7206714322157,100050.82792127348,239590.94085922255,194346.53433958953,278599.2741977091,,,,0.06974736518135823,0.042564996111816064,0.11002957512637464,162168.9790069079,117014.70739777962,218706.5596558862
2020-04-25,Croatia,,359299.53490190674,251773.4776858865,493943.92764525436,644238.6895092163,18339.90805566748,2108515.2464892273,295.336013887357,4.9290443940551265,4667.706616846127,,,,0.0008219771672345401,9.97895533922854e-06,0.0185393102551873,17274.4511396867,11898.148278885688,24006.670776854084
2020-04-25,Czechia,,367768.8984035445,200012.38196987406,634295.4693902929,5480.972989365016,605.6352639771362,37741.04607894143,70289.91232873376,70289.92651427853,70289.89027695131,,,,0.19112522193653855,0.11081574740214316,0.3514276945491224,17090.434194590507,8702.608372906985,30416.762743927924
2020-04-25,Austria,,1455780.7851809424,1125281.068266718,1818600.513907231,221.36315404061335,9.0,9608.983286260529,43066.51278404311,37204.164728854535,47178.591902433625,,,,0.02958310291112289,0.02045757957525375,0.04192605139541118,67451.43630498786,50926.45045927665,85592.42274130229
2020-04-25,Belgium,,905723.0699153348,667938.4171028375,1195031.6783109922,5261631.69986118,3162351.983827648,6383289.992807733,72809.57408002658,72423.82800821436,73088.24942820765,,,,0.08038833998877015,0.06060410725728641,0.10942363480936716,41663.3857510923,29774.153110467418,56128.816170875165
2020-04-25,Luxembourg,,328844.02495655505,311345.0511187489,341448.12046476913,88754.65341902096,3195.6061960619427,294001.989913298,1599.0374917123072,707.311155543546,2439.326321543951,,,,0.004862601629826063,0.002071504024039655,0.007834800369489659,14147.778962969993,13272.830271079685,14777.983738380695
2020-04-26,Switzerland,,1425016.4103572494,1039216.7989463608,1853118.25575342,135954.503991972,5384.677798316708,1229363.7665732072,38147.928281129934,34857.35544386764,40879.77331851558,,,,0.02677016770043112,0.01881010849450389,0.039337098245489,63578.585056598116,44288.60448605368,84983.67732640664
2020-04-26,Italy,,3117604.192374451,2078270.3991324687,4499311.36255601,766866.6203531283,461094.5083855107,1235274.2104385858,257476.11196678047,242475.27362237358,270499.60831586627,,,,0.08258781297400031,0.05389164120542795,0.13015611848620892,128944.41301328395,76977.72335118485,198029.7715223619
2020-04-26,Germany,,6644595.907487596,4532506.533321458,9332736.834084624,54034052.03149879,53996904.34266482,54045722.78238144,288287.35240290733,263615.75321162463,311643.6153725922,,,,0.043386739602636316,0.028246350229105186,0.06875745530237927,303065.0882017826,197460.61949347568,437472.1345316338
2020-04-26,US,,96077122.88943578,83118484.36117409,108670453.1286892,5276076.320877242,1014675.1922424892,20698493.18012175,1347703.5321945876,1298371.1993754038,1394580.1767671641,,,,0.014027309432917823,0.01194778490375717,0.01677821951982793,4614369.572520713,3966437.646107629,5244036.084483385
2020-04-26,France,,3300936.992610753,2479909.174714415,4313703.664570535,35553734.72007913,26342413.86346153,39637165.22376963,378914.58565620903,371682.7770788474,385006.5160256245,,,,0.1147900085655742,0.08616326154519277,0.15525024865878873,148640.79992991182,107589.4090350949,199279.1335279009
2020-04-26,Spain,,9796582.05552928,8518636.489671301,11105437.719459908,9514516.813190317,7052462.9858223125,12162626.78284018,293972.23628657905,293516.8405941913,294365.9085683509,,,,0.03000763272540125,0.026430010955792026,0.034555519410326335,445083.7934975161,381186.5152046172,510526.5766940475
2020-04-26,Netherlands,,1063316.594219597,832268.3519602049,1337693.3279039268,508.51555989998354,6.141868405420254,19312.565008798283,98811.30509051775,97496.72271988976,99951.6734735618,,,,0.09292745512265667,0.07288421096684426,0.12009548751691693,48445.01070243835,36892.59858946873,62163.847386654845
2020-04-26,Poland,,404240.95258938987,248246.64104205425,641096.687240905,80.97623993352414,7.000000000000001,9813282.175679987,3046.3616929664677,959.5446194610564,8483.50646814499,,,,0.0075360046364743956,0.0014967237213323616,0.034173700931195435,19066.663067546357,11266.947490179573,30909.449800122115
2020-04-26,Portugal,,2122853.345547975,1732320.249312686,2531690.9574001417,5912564.487006948,4648454.093902995,6376440.113243276,66073.6889087287,65812.47517113114,66276.46325646443,,,,0.031124942779159805,0.025995461641461826,0.038258782279292886,100886.38968127797,81359.73486951353,121328.27027388632
2020-04-26,United Kingdom,,3789901.620475114,2962655.235601126,4779021.170911054,10351.36404663226,1000.082468469736,81181.96239510474,221873.31635055545,182350.27160059323,257566.97301323593,,,,0.058543291770919575,0.038156405899710776,0.08693788258523955,178414.05968250328,137051.7404388039,227870.03720430032
2020-04-26,Croatia,,247967.58757419547,156118.58707633874,374828.21783955314,343790.2726240073,25836.834676224968,1407116.2832026805,4941.012696589767,412.8939579693194,15983.055545171592,,,,0.01992604253211661,0.0011015551613194194,0.10237765947341176,11797.798595600834,7205.348570708001,18140.83010886872
2020-04-26,Czechia,,350042.7154503861,203079.38728899695,573444.8659873777,2890.874792394633,274.4822027602525,22731.81366421873,70276.85594963196,70275.96820437105,70276.92551248049,,,,0.2007665146215356,0.12255052294062725,0.3460564188746111,16145.724957984123,8797.558549914664,27315.8324848337
2020-04-26,Austria,,1439878.4192539481,1148306.0832382664,1756754.5230184603,5764294.8,5764294.8,5764294.8,51615.28968287028,49686.07201686667,52972.81194606688,,,,0.03584697776747984,0.028282876956249942,0.04613126475537041,66263.65038582555,51685.03358504146,82107.45557405116
2020-04-26,Belgium,,1073172.558337405,847560.7700740985,1333395.215385525,3627990.683481531,1875644.4601646652,5142058.647400167,72074.49730553303,71667.4121485801,72387.46207967639,,,,0.06716021272216767,0.053748064581031874,0.08540681050321369,49298.01091355449,38017.42150038916,62309.1437659605
2020-04-26,Luxembourg,,291458.57399511564,263509.66378951544,312252.4840442821,15422.782445783558,291.03212132415575,155156.9512464342,1152.8730438007374,447.72081132858716,1999.9765406206368,,,,0.0039555296932869,0.0014338422725408766,0.007589765444876302,12678.236525258928,11280.791014978917,13717.93202771725
